Territorio,TIME,età.media.delle.madri.al.parto,età.media.dei.padri.alla.nascita.del.figlio,tasso.di.fecondità.totale,tasso.di.inattività.dei.maschi,tasso.di.inattività.delle.femmine,tasso.di.inattività.totale,tasso.di.occupazione.dei.maschi,tasso.di.occupazione.delle.femmine,tasso.di.occupazione.totale
Torino,2011,31.59,35,1.43,40.21263,54.40078,47.626363,54.85512,41.019902,47.625853
Torino,2012,31.68,35.05,1.42,40.652276,54.072296,47.665601,54.027223,40.995269,47.216702
Torino,2013,31.73,35.09,1.4,41.097223,54.988974,48.350544,52.351428,39.833208,45.81527
Torino,2014,31.8,35.17,1.4,40.6773,54.46102,47.867962,51.839929,39.479064,45.391494
Torino,2015,31.96,35.32,1.37,39.477634,54.670485,47.403858,53.42795,39.817704,46.327427
Torino,2016,32.02,35.35,1.33,40.416098,53.767688,47.38091,53.631649,41.177897,47.135093
Torino,2017,32.07,35.45,1.34,40.928732,53.151703,47.301261,54.129055,41.909607,47.758311
Torino,2018,32.18,35.47,1.28,39.57029,53.414341,46.786723,55.139168,42.035588,48.308718
Torino,2019,32.35,35.69,1.25,41.145027,53.465397,47.564481,54.714117,41.952893,48.06501
Torino,2020,32.52,35.59,1.24,42.79961,55.496042,49.409064,53.072235,40.34682,46.447645
Vercelli,2011,31.15,34.89,1.32,41.647631,56.762569,49.521044,54.861466,40.369025,47.312313
Vercelli,2012,31.07,35.22,1.42,38.848834,54.609051,47.062619,55.40342,39.45521,47.091658
Vercelli,2013,31.1,34.78,1.34,39.273843,55.417049,47.686803,54.025349,38.798391,46.089888
Vercelli,2014,31.09,34.91,1.37,40.473188,56.280443,48.710308,53.417395,38.440073,45.61219
Vercelli,2015,31.28,35.03,1.3,40.51918,55.760848,48.461333,53.46733,40.229482,46.569898
Vercelli,2016,31.47,35.1,1.32,42.475818,55.425804,49.214505,52.192472,40.668626,46.195895
Vercelli,2017,31.32,35.01,1.3,41.149596,56.622445,49.190286,54.170279,38.301174,45.923669
Vercelli,2018,31.74,35.37,1.27,38.818138,57.643002,48.606778,57.304354,38.843166,47.704184
Vercelli,2019,31.8,35.9,1.26,39.682164,57.857438,49.110779,55.795637,38.543606,46.845964
Vercelli,2020,31.8,35.54,1.24,42.449423,57.380977,50.170016,53.306471,38.605584,45.705148
Biella,2011,31.09,34.66,1.28,42.328577,56.755861,49.912592,53.559624,39.092512,45.954672
Biella,2012,31.46,34.95,1.32,41.880072,57.090991,49.877426,52.923227,39.245162,45.732358
Biella,2013,31.47,35.11,1.25,42.191889,55.748735,49.31602,52.706891,39.590354,45.814143
Biella,2014,31.8,35.06,1.32,40.906683,53.874225,47.719444,53.3547,40.976094,46.851349
Biella,2015,31.56,34.91,1.21,43.065042,54.724627,49.191546,51.569137,41.168831,46.104319
Biella,2016,31.95,35.6,1.27,42.682323,55.937043,49.641746,51.657728,41.591357,46.372356
Biella,2017,31.92,35.17,1.19,42.273477,53.953488,48.396836,53.475828,42.827225,47.893195
Biella,2018,31.99,35.43,1.18,40.893828,54.107145,47.814471,55.121168,43.065246,48.806725
Biella,2019,32.25,35.57,1.17,42.67138,55.547043,49.403889,53.321955,40.365272,46.546432
Biella,2020,32.22,35.38,1.11,43.970706,55.267122,49.865513,52.492561,41.266699,46.633922
Verbano-Cusio-Ossola,2011,31.52,35.35,1.33,40.632953,57.815849,49.598047,57.363733,38.786251,47.671785
Verbano-Cusio-Ossola,2012,31.38,35.31,1.35,41.219137,59.154336,50.570649,55.746344,37.20431,46.078424
Verbano-Cusio-Ossola,2013,31.69,35.5,1.27,41.518009,58.198727,50.212974,53.96527,38.948714,46.137763
Verbano-Cusio-Ossola,2014,31.44,34.95,1.37,42.655137,56.106548,49.667565,53.708338,40.201784,46.667848
Verbano-Cusio-Ossola,2015,31.75,35.36,1.3,41.432745,56.927444,49.501841,55.387992,40.369264,47.566765
Verbano-Cusio-Ossola,2016,31.88,35.22,1.24,41.362867,54.796043,48.346256,54.975191,42.299302,48.385486
Verbano-Cusio-Ossola,2017,31.95,35.44,1.2,41.239968,56.590055,49.214832,55.719667,39.536197,47.312543
Verbano-Cusio-Ossola,2018,32.34,36.11,1.15,41.3807,59.189936,50.625825,55.834017,37.987282,46.568008
Verbano-Cusio-Ossola,2019,32.13,35.69,1.1,43.04064,58.589692,51.108524,54.342599,38.285524,46.011829
Verbano-Cusio-Ossola,2020,32.02,35.58,1.2,44.185421,58.333102,51.519233,53.272523,38.572897,45.652597
Novara,2011,31.18,35.2,1.46,36.442481,53.537039,45.339397,58.972164,42.553682,50.427108
Novara,2012,31.16,35.11,1.46,39.457364,52.706289,46.349597,55.818552,41.094753,48.158724
Novara,2013,31.28,35.32,1.45,38.10619,55.33366,47.053596,54.563987,38.936956,46.447514
Novara,2014,31.1,35.24,1.43,38.182979,55.569247,47.203758,55.229684,39.065671,46.843357
Novara,2015,31.65,35.28,1.38,38.079457,54.951423,46.825004,56.234049,40.972499,48.322975
Novara,2016,31.7,35.59,1.39,41.419225,53.785964,47.82404,53.575079,41.370741,47.254979
Novara,2017,31.75,35.9,1.38,40.197413,53.629138,47.149287,54.103007,40.294266,46.955677
Novara,2018,31.9,35.54,1.35,39.134206,54.888913,47.290419,57.06319,39.996111,48.227903
Novara,2019,32.01,35.96,1.32,38.803685,52.196499,45.729916,57.500912,42.877651,49.938028
Novara,2020,31.92,35.61,1.28,39.935852,54.273332,47.345641,56.782445,41.859274,49.070589
Cuneo,2011,30.99,34.78,1.52,38.195184,53.723763,46.141274,59.836564,44.121943,51.795278
Cuneo,2012,30.99,34.75,1.54,36.474927,53.903821,45.385976,60.381041,42.442638,51.20949
Cuneo,2013,30.98,34.81,1.55,37.257924,54.997788,46.324533,58.371127,42.061515,50.035500999999996
Cuneo,2014,31.09,34.8,1.54,38.090319,53.63863,46.034645,59.163163,43.422007,51.12011
Cuneo,2015,31.27,34.86,1.49,37.885102,54.181236,46.21529,59.091646,43.100922,50.917767
Cuneo,2016,31.28,34.78,1.5,36.982784,53.208011,45.275142,59.854693,43.07075,51.276788
Cuneo,2017,31.46,35.19,1.48,35.804242,53.846573,45.014518,60.848061,42.786946,51.627998
Cuneo,2018,31.51,35.1,1.43,36.528527,54.690241,45.794826,61.082185,42.987251,51.84976
Cuneo,2019,31.61,35.33,1.4,36.360975,52.965834,44.833066,61.062954,44.27831,52.499134
Cuneo,2020,31.65,35.27,1.36,37.59612,53.940212,45.923787,60.059226,43.390228,51.566012
Asti,2011,30.53,34.65,1.45,39.597676,58.084668,49.178215,57.497259,39.220782,48.026344
Asti,2012,30.9,34.55,1.48,41.441688,57.978853,50.011349,54.725643,38.257344,46.19165
Asti,2013,30.84,34.59,1.47,39.814186,57.182323,48.810794,54.035103,39.10393,46.300364
Asti,2014,31.08,34.92,1.4,38.264847,55.94234,47.414765,54.821088,39.869141,47.082449
Asti,2015,31.44,34.68,1.37,38.976586,56.746097,48.162799,55.220402,39.141331,46.908087
Asti,2016,31.09,34.88,1.4,39.698387,56.284605,48.263574,55.824857,40.627841,47.97657
Asti,2017,31.54,35.07,1.41,39.116395,54.511649,47.055389,55.752281,40.894124,48.090757
Asti,2018,31.4,35.06,1.26,39.808595,57.321542,48.834006,55.789322,38.500089,46.879204
Asti,2019,31.43,35.06,1.28,38.380811,56.450802,47.692382,58.865209,40.488316,49.395489
Asti,2020,31.39,34.65,1.22,38.876653,55.45259,47.407773,57.053898,41.096844,48.841298
Alessandria,2011,30.8,34.84,1.37,42.649013,57.574233,50.437333,53.711188,39.451928,46.27013
Alessandria,2012,31,34.99,1.36,40.615907,54.810388,48.020778,53.545663,40.164516,46.565086
Alessandria,2013,31.3,35.18,1.3,41.682905,57.093995,49.713335,53.102615,36.393676,44.3959
Alessandria,2014,31.02,34.93,1.31,40.031404,56.9577,48.843844,53.303467,35.964797,44.27633
Alessandria,2015,31.23,35.06,1.29,39.602825,55.993317,48.13451,53.767484,38.629635,45.887833
Alessandria,2016,31.51,35.37,1.3,39.980061,56.551999,48.596787,54.179452,38.198731,45.870391
Alessandria,2017,31.39,35.4,1.27,40.206484,55.710923,48.255359,52.641089,39.320056,45.726156
Alessandria,2018,31.59,35.51,1.22,40.160826,56.520048,48.642959,53.972916,38.993238,46.205823
Alessandria,2019,31.72,35.76,1.17,40.268343,57.636515,49.271688,55.424455,37.393056,46.077288
Alessandria,2020,31.76,35.63,1.15,42.309276,58.716203,50.805436,53.016894,36.56961,44.499835
Valle d'Aosta / Vallée d'Aoste,2011,31.07,34.96,1.6,37.845141,52.525667,45.418954,58.914198,44.960271,51.715244
Valle d'Aosta / Vallée d'Aoste,2012,31.18,34.75,1.57,38.529999,51.337003,45.142479,57.018161,45.281742,50.957523
Valle d'Aosta / Vallée d'Aoste,2013,31.23,35.01,1.44,38.851466,51.584851,45.421993,56.041627,44.471657,50.071431
Valle d'Aosta / Vallée d'Aoste,2014,31.68,35,1.54,37.735707,51.41215,44.790659,56.450975,44.499072,50.286418
Valle d'Aosta / Vallée d'Aoste,2015,31.55,35.17,1.41,38.282475,51.306426,45.006626,55.828059,44.753054,50.110131
Valle d'Aosta / Vallée d'Aoste,2016,31.64,34.85,1.42,39.190934,50.972264,45.271704,55.448195,44.857585,49.981173
Valle d'Aosta / Vallée d'Aoste,2017,32.1,35.62,1.35,39.592769,50.753383,45.35205,55.632731,45.465419,50.385947
Valle d'Aosta / Vallée d'Aoste,2018,32.02,35.62,1.39,40.213571,50.139735,45.335959,55.725147,46.214618,50.818172
Valle d'Aosta / Vallée d'Aoste,2019,32.14,35.4,1.31,40.099569,50.020618,45.223237,56.419339,46.361403,51.224977
Valle d'Aosta / Vallée d'Aoste,2020,32.28,35.68,1.23,41.705563,51.925626,46.983405,54.711531,45.448357,49.926921
Imperia,2011,30.78,34.54,1.35,40.683602,58.431884,50.036956000000004,54.899809,38.153589,46.074048
Imperia,2012,31.06,34.8,1.34,44.926703,56.857642,51.211217,52.530568,37.699154,44.717731
Imperia,2013,30.85,34.56,1.35,41.722606999999996,62.47723,52.637282,51.582167,32.507789,41.551589
Imperia,2014,31,34.73,1.33,40.078768,59.480514,50.281677,51.528896,35.065285,42.87153
Imperia,2015,31.13,34.8,1.35,42.332776,58.264301,50.696833,51.166499,37.278255,43.874181
Imperia,2016,31.3,35.05,1.31,42.984395,60.318691,52.074838,49.454101,34.664236,41.698008
Imperia,2017,31.33,35.58,1.31,42.269073,61.752296,52.481733,49.825978,32.328657,40.654282
Imperia,2018,31.21,35.28,1.25,42.184641,59.566853,51.291231,50.439516,34.588906,42.136294
Imperia,2019,31.37,35.24,1.2,43.794267,57.497506,50.964529,50.736198,34.767828,42.380699
Imperia,2020,31.16,35.28,1.3,46.633908,60.756374,54.011643,48.343139,35.138879,41.444064
Savona,2011,31.22,35.36,1.33,44.645861,61.211754,53.408795,52.908547,37.005408,44.496193
Savona,2012,31.34,35.38,1.4,44.42658,59.666195,52.489163,52.558508,36.680727,44.1583
Savona,2013,31.64,35.64,1.33,45.576572,58.547343,52.428559,49.27105,36.664111,42.610861
Savona,2014,31.49,35.57,1.38,44.833799,58.410509,51.988583,50.83929,36.853669,43.469014
Savona,2015,31.59,35.78,1.36,44.604194,59.289954,52.345135,50.027321,37.042626,43.18302
Savona,2016,31.75,35.68,1.3,41.338113,61.513814000000004,51.967715,55.391648000000004,35.620923,44.975409
Savona,2017,31.93,36.03,1.24,42.847677,60.085095,51.916702,54.578468,36.108097,44.859912
Savona,2018,31.9,35.79,1.23,41.29269,61.039701,51.661595,55.153059,34.996408,44.568239
Savona,2019,32.27,36.24,1.16,44.689747,59.542626,52.487845,52.569029,37.833044,44.832303
Savona,2020,32.2,35.78,1.18,45.939513,60.061827,53.354533000000004,50.560142,37.599167,43.754891
Genova,2011,31.84,35.45,1.33,43.577644,58.722507,51.654811,52.625806,38.258845,44.963515
Genova,2012,31.73,35.49,1.39,43.243031,59.075769,51.677612,53.149542,37.09891,44.598755
Genova,2013,31.87,35.49,1.34,45.164575,58.213591,52.10491,50.339978,37.501111,43.511409
Genova,2014,32.06,35.58,1.36,44.812011,58.933338,52.314128,49.808289,36.725215,42.857876
Genova,2015,32.04,35.6,1.3,44.008878,58.380923,51.640689,51.594051,37.968912,44.35886
Genova,2016,32.11,35.65,1.3,42.533243,58.146737,50.816869,52.842236,36.760844,44.31037
Genova,2017,32.24,35.65,1.29,43.593743,58.140614,51.294899,52.09664,37.293678,44.259774
Genova,2018,32.22,35.72,1.24,43.131234,55.675848,49.763128,52.473134,39.076075,45.390582
Genova,2019,32.53,36,1.22,42.626794,55.824332,49.601716,52.959971,38.58229,45.361341
Genova,2020,32.53,35.9,1.22,43.739332,57.523192,51.020859,52.409393,38.355242,44.985082
La Spezia,2011,31.64,35.06,1.31,41.335952,62.564854,52.545688,57.160371,34.163135,45.017948
La Spezia,2012,31.09,34.95,1.37,42.379065,59.468884,51.387232,52.613572,35.411304,43.546133
La Spezia,2013,31.13,34.67,1.36,41.925958,60.095948,51.483727,53.169154,35.733015,43.997405
La Spezia,2014,31.55,34.95,1.29,42.482424,59.006767,51.159906,51.419019,34.958583,42.775605
La Spezia,2015,31.92,35.14,1.27,41.105813,58.595214,50.278186,53.138017,36.529903,44.427838
La Spezia,2016,31.71,35.4,1.37,41.398389,57.197845,49.678678,53.852957,37.356513,45.207884
La Spezia,2017,31.89,35.38,1.32,42.676669,58.27741,50.854738,53.578852,36.252788,44.496351
La Spezia,2018,31.7,35.1,1.26,42.895547,58.91845,51.287307,53.001561,35.494396,43.832441
La Spezia,2019,31.77,35.6,1.26,41.921748,56.618338,49.611873,54.180878,38.26315,45.851782
La Spezia,2020,31.83,35.65,1.24,40.676769,57.816643,49.630598,54.853077,36.765684,45.404267
Varese,2011,31.56,35.21,1.48,38.71973,54.055999,46.675693,57.33082,41.749386,49.247939
Varese,2012,31.43,35.11,1.47,37.614912,52.276358,45.216175,56.780826,44.262367,50.290714
Varese,2013,31.6,35.32,1.49,39.029597,53.822501,46.688051,54.725942,43.286661,48.803697
Varese,2014,31.72,35.3,1.45,38.229354,53.45259,46.105711,55.958463,43.311839,49.415336
Varese,2015,31.9,35.42,1.46,38.538836,54.348848,46.718351,56.878114,40.689568,48.502894
Varese,2016,32,35.48,1.4,37.097274,54.438856,46.06942,59.134432,40.562006,49.525605
Varese,2017,32.09,35.47,1.37,37.18764,53.494989,45.621612,59.391239,42.854824,50.838797
Varese,2018,32.19,35.58,1.36,38.379407,53.325751,46.104659,58.444282,43.463371,50.701037
Varese,2019,32.3,35.64,1.33,39.253259,54.016622,46.883394,57.764864,43.231862,50.253786
Varese,2020,32.36,35.62,1.25,40.189248,56.538714,48.633826,57.325531,40.91425,48.849027
Como,2011,31.78,35.48,1.45,34.948895,56.10582,45.85392,61.57064,41.635735,51.295488
Como,2012,31.72,35.52,1.49,34.547775,55.373362,45.273886,62.06376,41.496221,51.470556
Como,2013,31.86,35.52,1.44,35.911203,54.465151,45.455997000000004,58.880705,41.359867,49.867576
Como,2014,31.95,35.51,1.41,37.292147,53.865714,45.804021,57.398172,41.682234,49.32676
Como,2015,32.05,35.65,1.45,37.465967,55.021756,46.482128,58.554528,40.583304,49.325023
Como,2016,32.06,35.73,1.44,37.034306,53.783524,45.632471,58.467057,42.591572,50.31742
Como,2017,32.44,35.72,1.36,36.798096,54.267751,45.764484,58.403249,41.361294,49.656185
Como,2018,32.47,35.92,1.31,36.079825,53.444195,44.989004,59.707911,42.721293,50.992352
Como,2019,32.35,35.99,1.31,35.965411,53.32147,44.859258,60.781466,42.837779,51.586498
Como,2020,32.56,35.9,1.25,38.550908,54.896407,46.914596,58.743094,42.140627,50.248308
Lecco,2011,31.66,35.5,1.54,36.894509,56.47848,46.906748,60.596979,40.218685,50.178995
Lecco,2012,31.74,35.49,1.53,35.388206,57.022696,46.432838,60.752505,39.494778,49.899872
Lecco,2013,31.88,35.7,1.48,36.629889,55.427272,46.221945,58.898791,40.411322,49.464533
Lecco,2014,31.88,35.59,1.45,36.482298,54.508482,45.676281,59.449712,41.577512,50.333921
Lecco,2015,32.09,35.7,1.5,36.121336,55.271035,45.880445,60.731252,41.195075,50.775178
Lecco,2016,32.04,35.74,1.41,36.20111,53.40187,44.95984,60.832612,43.138957,51.822552
Lecco,2017,32.22,35.9,1.47,36.771638,52.698565,44.880014,61.060573,43.6898,52.217138
Lecco,2018,32.21,35.8,1.37,37.19788,53.38975,45.442535,59.612159,43.649058,51.483649
Lecco,2019,32.44,36.06,1.34,36.980385,52.784984,45.028113,60.591692,43.831747,52.057499
Lecco,2020,32.5,36.11,1.27,37.668089,52.991929,45.469343,59.94593,43.718477,51.684287
Sondrio,2011,31.05,34.44,1.49,36.416745,57.053859,47.021616,60.303783,38.597769,49.150278
Sondrio,2012,30.97,34.5,1.51,35.241135,58.151138,47.011239,60.38783,37.024872,48.385019
Sondrio,2013,31.54,35.25,1.42,37.261655,56.859289,47.325784,59.133315,38.497019,48.535793
Sondrio,2014,31.38,34.77,1.49,36.013264,55.159779,45.846908,59.747095,40.365921,49.793578
Sondrio,2015,31.48,34.81,1.45,35.015286,56.677508,46.148772,60.987824,39.298665,49.84052
Sondrio,2016,31.58,35.14,1.49,35.824834,55.408,45.892927,60.668153,40.317472,50.205466
Sondrio,2017,31.86,35.35,1.45,38.685649,56.83992,48.010893,57.232098,40.623164,48.700048
Sondrio,2018,31.61,35.11,1.42,38.874494,55.445148,47.386726,57.958121,40.741621,49.114765
Sondrio,2019,31.73,35.31,1.42,38.684374,54.403327,46.758544,58.548393,42.628968,50.372529
Sondrio,2020,32.19,35.8,1.29,40.951778,55.982831,48.653967,56.554026,40.800472,48.48097
Milano,2011,31.85,35.66,1.49,37.631407,53.468909,45.959861,58.874939,43.618482,50.852038
Milano,2012,31.9,35.77,1.49,37.844739,52.065387,45.312865,57.501124,44.11466,50.471113
Milano,2013,31.92,35.64,1.47,37.498458,51.843676,45.009205,57.944368,44.234859,50.76646
Milano,2014,32.01,35.76,1.46,37.224585,51.964204,44.92035,57.596117,43.929901,50.46079
Milano,2015,32.16,35.98,1.44,36.361895,51.761567,44.390821,58.675846,44.231389,51.14494
Milano,2016,32.3,35.92,1.44,35.774084,50.951991,43.681592,59.706846,45.089434,52.091349
Milano,2017,32.37,36.05,1.4,36.120352,50.084552,43.39154,60.159418,46.229872,52.906274
Milano,2018,32.54,35.97,1.34,36.703349,49.906082,43.573101,59.808391,46.316575,52.788221
Milano,2019,32.61,36.13,1.29,36.197315,49.438237,43.080565,60.282401,47.359315,53.564377
Milano,2020,32.78,35.94,1.24,37.927616,50.493547,44.452787,58.570259,46.635784,52.373022
Bergamo,2011,30.96,35.09,1.62,35.861821,58.626552,47.422755,61.92199,39.310187,50.43861
Bergamo,2012,31.12,35.14,1.59,36.580015,57.792081,47.348505,60.214552,38.174316,49.025634
Bergamo,2013,31.26,35.22,1.53,36.631633,56.67937,46.795936,59.303157,39.486542,49.255926
Bergamo,2014,31.36,35.32,1.51,38.438319,57.414673,48.050101,57.346584,39.089491,48.099218
Bergamo,2015,31.58,35.45,1.47,38.88709,56.777863,47.951164,57.712522,40.563928,49.024461
Bergamo,2016,31.6,35.4,1.49,36.845301,56.688488,46.901832,60.644116,40.20015,50.283003
Bergamo,2017,31.79,35.74,1.46,36.229138,57.099104,46.799981,61.447506,40.723729,50.950922
Bergamo,2018,31.88,35.73,1.39,36.230591,56.681907,46.583988,61.134085,40.763521,50.821568
Bergamo,2019,32.04,35.88,1.36,35.771865,58.010729,47.030191,62.457587,40.003672,51.090393
Bergamo,2020,31.99,35.85,1.28,37.606681,57.306308,47.578419,60.875395,41.053173,50.841496
Brescia,2011,30.74,34.95,1.61,35.16423,60.585118,48.157486,62.04026,36.226261,48.845981
Brescia,2012,30.79,35.03,1.55,36.930018,57.751332,47.572565,60.084899,38.181639,48.889329
Brescia,2013,30.97,34.96,1.51,34.939443,55.22102,45.29025,59.892107,40.795602,50.146108
Brescia,2014,31.1,35.06,1.49,35.967981,55.676281,46.018489,58.408127,40.049277,49.045702
Brescia,2015,31.16,35.23,1.5,36.319482,57.021732,46.881948,58.57805,38.82392,48.499323
Brescia,2016,31.35,35.14,1.46,36.505115,54.996306,45.942891,59.111993,40.139664,49.428647
Brescia,2017,31.41,35.43,1.44,35.864736,54.588595,45.41733,61.32292,41.511186,51.215212
Brescia,2018,31.69,35.5,1.4,34.295457,56.208988,45.466547,62.994089,40.879098,51.720393
Brescia,2019,31.73,35.53,1.36,35.226217,55.394936,45.50065,62.497706,41.716104,51.911148
Brescia,2020,31.81,35.62,1.33,36.751895,56.879763,46.999411,61.567296,40.207036,50.692344
Pavia,2011,30.95,35.09,1.39,39.443392,57.421488,48.79356,57.733015,40.41344,48.725335
Pavia,2012,31.01,34.79,1.4,38.131801,55.699959,47.2577,57.458884,40.332305,48.562158
Pavia,2013,30.98,34.87,1.37,41.663807,54.270882,48.199041,54.509938,41.731488,47.885868
Pavia,2014,31.21,35.14,1.34,40.674594,53.143449,47.125175,55.961622,42.905462,49.207207
Pavia,2015,31.21,34.99,1.39,38.269477,54.538448,46.680032,57.258012,41.840172,49.287268
Pavia,2016,31.33,35.23,1.33,38.627924,56.068849,47.636156,57.489822,40.618158,48.775409
Pavia,2017,31.44,35.1,1.3,39.269239,55.016577,47.395135,57.193483,41.366297,49.026172
Pavia,2018,31.5,35.31,1.32,39.05101,54.429776,46.976778,56.938504,42.660043,49.579999
Pavia,2019,31.4,35.12,1.29,38.695719,52.531216,45.819353,57.83595,43.706416,50.560922
Pavia,2020,31.78,35.4,1.22,41.086765,55.597972,48.54915,56.033709,41.696008,48.660754
Lodi,2011,30.87,34.84,1.48,36.436956,59.938541,48.469548,60.090613,37.26417,48.403688
Lodi,2012,30.94,35.14,1.48,36.200614,58.548597,47.626613,59.319459,36.587669,47.696701
Lodi,2013,31.11,34.93,1.46,36.535932,55.657566,46.293233,58.595978,39.310568,48.755134
Lodi,2014,31.3,35.21,1.46,36.231823,52.945259,44.752415,58.442306,42.566439,50.348711
Lodi,2015,31.45,35.27,1.46,35.08836,53.884289,44.668368,59.934486,42.250991,50.921469
Lodi,2016,31.44,35.21,1.47,34.729216,52.31377,43.692437,61.312484,43.296333,52.129269
Lodi,2017,31.7,35.37,1.45,34.780617,54.631448,44.895104,61.531255,41.353361,51.250121
Lodi,2018,31.5,35.41,1.4,35.074921,54.742098,45.097021,61.791259,41.264293,51.331532
Lodi,2019,31.76,35.63,1.34,36.5544,54.157761,45.522635,59.521612,41.929169,50.558939
Lodi,2020,31.68,35.73,1.28,37.116008,54.221327,45.830453,59.105461,43.174948,50.98953
Cremona,2011,30.84,34.45,1.44,39.496485,57.005618,48.509325,57.764982,40.506217,48.880694
Cremona,2012,30.73,34.65,1.47,36.128249,56.77449,46.743319,60.386055,39.569125,49.683227
Cremona,2013,30.92,34.83,1.39,36.037765,56.910334,46.756649,58.656725,39.333715,48.733601
Cremona,2014,31.14,34.85,1.43,36.514075,56.210214,46.619979,59.031342,40.058944,49.296783
Cremona,2015,31.31,35.09,1.37,37.767694,55.717558,46.973022,58.385719,40.79565,49.364915
Cremona,2016,31.34,34.91,1.34,38.34739,55.973785,47.384984,57.247905,40.588587,48.706789
Cremona,2017,31.3,35.06,1.36,37.567104,56.091693,47.064442,59.021872,40.697168,49.626701
Cremona,2018,31.49,35.25,1.33,37.312967,56.512124,47.142366,59.677216,41.093391,50.162848
Cremona,2019,31.51,35.2,1.34,37.870533,56.524359,47.408887,59.532831,40.813389,49.960925
Cremona,2020,31.9,35.45,1.26,40.992978,58.630676,50.013672,56.205445,38.482885,47.141676
Mantova,2011,30.66,34.91,1.57,34.741598,56.766727,46.12561,61.816981,40.363811,50.728595
Mantova,2012,30.66,35.07,1.49,36.85619,56.186603,46.831438,59.139514,39.984369,49.254723
Mantova,2013,30.7,34.89,1.51,36.362788,56.038409,46.499131,59.701466,38.541564,48.799876
Mantova,2014,31.07,35.07,1.47,35.274653,55.683293,45.778356,60.616299,39.247921,49.618929
Mantova,2015,30.93,35.09,1.43,36.651914,56.192241,46.69838,59.055237,39.610169,49.058029
Mantova,2016,31.09,35.02,1.42,34.784957,54.856326,45.093149,60.154104,40.614843,50.11919
Mantova,2017,31.41,35.48,1.37,35.403928,57.216276,46.58725,60.847441,38.652976,49.468205
Mantova,2018,31.45,35.47,1.38,35.235593,56.653451,46.203979,61.065998,39.852335,50.202183
Mantova,2019,31.34,35.38,1.37,35.540925,53.937871,44.947825,61.281433,42.246025,51.548361
Mantova,2020,31.35,35.48,1.32,36.548716,57.908924,47.46831,60.550565,39.979341,50.034309
Provincia Autonoma Bolzano / Bozen,2011,31.29,35.14,1.61,32.024677,48.996391,40.720916,65.980037,49.075234,57.318088
Provincia Autonoma Bolzano / Bozen,2012,31.47,35.23,1.67,31.802614,47.120782,39.650859,65.802858,50.322962,57.87199
Provincia Autonoma Bolzano / Bozen,2013,31.56,35.23,1.65,32.086867,47.58587,40.020582,65.303339,49.790426,57.36274
Provincia Autonoma Bolzano / Bozen,2014,31.57,35.2,1.75,32.428627,47.957793,40.373681,64.53541,49.779641,56.985809
Provincia Autonoma Bolzano / Bozen,2015,31.63,35.07,1.71,32.964511,48.393915,40.85805,64.667346,49.455699,56.88521
Provincia Autonoma Bolzano / Bozen,2016,31.61,35.14,1.77,32.616579,46.929149,39.939522,65.068409,50.920148,57.82908
Provincia Autonoma Bolzano / Bozen,2017,31.72,35.22,1.75,32.663574,47.070551,40.031736,65.729944,50.869315,58.129778
Provincia Autonoma Bolzano / Bozen,2018,31.77,35.26,1.73,33.091646,45.904037,39.646667,65.060663,52.446785,58.607204
Provincia Autonoma Bolzano / Bozen,2019,31.81,35.25,1.71,32.57485,45.85803,39.366739,65.660771,52.388199,58.87453
Provincia Autonoma Bolzano / Bozen,2020,31.83,35.1,1.71,33.113706,47.781455,40.606332,64.725288,49.902214,57.153093
Provincia Autonoma Trento,2011,31.45,35.31,1.61,36.619984,54.17246,45.68045,60.884655,43.524048,51.92323
Provincia Autonoma Trento,2012,31.39,35.21,1.6,36.797071,53.123138,45.220828,59.723779,43.666094,51.438499
Provincia Autonoma Trento,2013,31.54,35.37,1.6,36.513406,53.08447,45.052191,60.08945,43.214775,51.39422
Provincia Autonoma Trento,2014,31.75,35.4,1.54,36.150747,52.313053,44.471799,59.969994,43.859384,51.675344
Provincia Autonoma Trento,2015,31.74,35.38,1.56,37.154488,51.76649,44.675114,58.825008,44.707854,51.559295
Provincia Autonoma Trento,2016,31.91,35.57,1.52,37.155123,52.732233,45.164668,58.67065,43.918106,51.085086
Provincia Autonoma Trento,2017,32.04,35.77,1.49,37.981786,51.133333,44.736964,58.471871,46.085435,52.109686
Provincia Autonoma Trento,2018,32.07,35.68,1.45,37.949349,51.688103,44.997587,59.427537,45.698074,52.384065
Provincia Autonoma Trento,2019,32.3,35.76,1.42,38.20083,51.029221,44.780071,59.255918,45.959206,52.436492
Provincia Autonoma Trento,2020,32.18,35.62,1.36,39.528817,51.582785,45.70501,57.604217,45.555938,51.431156
Verona,2011,31.32,35.25,1.51,34.811073,54.767962,45.09201,62.719768,42.825544,52.470983
Verona,2012,31.37,35.43,1.49,35.770138,56.153446,46.269452,61.43818,41.943735,51.396714
Verona,2013,31.55,35.43,1.44,36.009848,56.166609,46.377832,61.624553,39.98335,50.49302
Verona,2014,31.59,35.4,1.47,37.060885,52.218529,44.850929,60.754844,44.588775,52.446406
Verona,2015,31.68,35.55,1.46,37.694829,54.509484,46.335494,59.198942,41.982407,50.352016
Verona,2016,31.84,35.65,1.45,35.351281,56.233224,46.084735,61.468683,41.165126,51.032646
Verona,2017,31.95,35.71,1.43,36.253612,53.717771,45.227647,60.379379,43.024229,51.461482
Verona,2018,31.98,35.72,1.41,36.285302,51.839693,44.274617,59.548413,44.466303,51.801559
Verona,2019,32.14,35.77,1.37,34.315044,51.13601,42.947009,63.35039,45.939436,54.415536
Verona,2020,32.28,35.8,1.32,35.996377,52.779198,44.605024,61.562787,44.42809,52.773776
Vicenza,2011,31.39,35.21,1.51,33.918353,54.691948,44.508242,63.795324,42.550464,52.965195
Vicenza,2012,31.45,35.45,1.53,35.048165,54.884676,45.164298,61.293401,41.436636,51.166939
Vicenza,2013,31.52,35.36,1.47,38.241129,56.854571,47.722852,58.375372,38.889278,48.448981
Vicenza,2014,31.69,35.44,1.48,38.408407,56.284722,47.510011,59.234533,39.12824,48.997565
Vicenza,2015,31.8,35.51,1.44,37.200267,57.03478,47.301209,60.41355,40.306743,50.173805
Vicenza,2016,31.96,35.54,1.4,36.918394,55.316282,46.287896,59.837093,41.30606,50.399784
Vicenza,2017,32.1,35.57,1.38,37.368127,55.856654,46.780579,59.758512,40.388864,49.897485
Vicenza,2018,32.19,35.72,1.39,35.960355,54.504586,45.393957,61.557815,42.247691,51.734455
Vicenza,2019,32.15,35.71,1.33,36.618446,53.620067,45.260622,60.926697,43.731781,52.186267
Vicenza,2020,32.34,35.81,1.34,37.654394,55.53149,46.731812,58.966203,40.3515,49.514116
Belluno,2011,31.16,34.83,1.39,39.444438,53.832279,46.952915,58.245871,43.655163,50.631526
Belluno,2012,31.38,35.27,1.38,38.520625,52.866088,45.999748,57.634192,44.385162,50.726196
Belluno,2013,31.36,35.23,1.32,39.054606,53.066982,46.351261,57.006062,43.301246,49.869039
Belluno,2014,31.45,35.3,1.32,38.889528,52.156493,45.796796,57.138746,43.709655,50.147069
Belluno,2015,31.57,35.18,1.34,39.40649,53.132624,46.551896,57.561173,43.539263,50.260674
Belluno,2016,31.7,35.46,1.29,39.598466,52.278855,46.19077,57.385975,44.084606,50.470835
Belluno,2017,31.84,35.3,1.28,39.481656,53.941726,46.989431,57.261575,43.885085,50.316403
Belluno,2018,31.93,35.55,1.3,40.04408,52.787923,46.649928,57.886021,44.653366,51.027378
Belluno,2019,32.15,35.51,1.21,40.364818,50.975188,45.860163,57.744487,46.67196,52.010907
Belluno,2020,32.12,35.46,1.26,42.022459,55.351682,48.915284,56.282606,42.412626,49.109579
Treviso,2011,31.41,35.28,1.53,35.82843,57.321678,46.855417,61.557845,39.942251,50.468089
Treviso,2012,31.45,35.25,1.55,34.49325,55.095204,45.06719,61.994884,41.906382,51.684473
Treviso,2013,31.57,35.32,1.5,36.798691,54.719408,45.992889,59.001787,41.546943,50.046604
Treviso,2014,31.59,35.15,1.49,35.735827,53.792748,44.998824,59.869434,41.431962,50.411219
Treviso,2015,31.89,35.46,1.43,35.937526,54.959795,45.699711,59.984093,40.733245,50.104735
Treviso,2016,31.93,35.5,1.47,36.941505,53.089521,45.225213,59.872688,42.466156,50.943379
Treviso,2017,32.06,35.76,1.44,35.35579,53.403653,44.602422,61.979643,43.076751,52.294945
Treviso,2018,32.12,35.66,1.39,35.057287,52.913773,44.198687,60.740847,42.360798,51.331412
Treviso,2019,32.3,35.85,1.33,37.754497,52.762454,45.434888,58.846794,42.998822,50.736522
Treviso,2020,32.12,35.53,1.34,38.255455,52.643093,45.612752,59.710492,43.543657,51.443529
Venezia,2011,31.6,35.3,1.44,40.583483,58.43377,49.89315,56.80891,38.843622,47.439265
Venezia,2012,31.48,35.22,1.42,38.920725,57.592307,48.662227,57.017731,37.696016,46.937036
Venezia,2013,31.66,35.41,1.37,40.090812,61.139735,51.064806,54.746294,35.266635,44.590445
Venezia,2014,31.81,35.48,1.32,39.91772,58.310455,49.501402,55.306649,36.924878,45.72868
Venezia,2015,31.95,35.33,1.33,40.348759,58.242688,49.673065,56.42056,37.821398,46.728765
Venezia,2016,31.93,35.58,1.34,38.947422,57.637091,48.682981,57.625448,38.661153,47.746694
Venezia,2017,32.08,35.67,1.33,38.779466,54.726043,47.077422,58.954399,42.493154,50.388903
Venezia,2018,32.1,35.46,1.3,39.823712,57.295057,48.901808,56.761127,39.565068,47.826069
Venezia,2019,32.21,35.74,1.25,38.014731,56.246285,47.475933,58.800549,40.512651,49.309842
Venezia,2020,32.15,35.55,1.25,38.440092,56.766884,47.944194,58.650931,40.269989,49.118748
Padova,2011,31.82,35.48,1.44,36.170886,56.822187,46.866153,61.529294,40.040157,50.400113
Padova,2012,31.76,35.51,1.46,33.304534,55.381297000000004,44.741968,63.612491,40.901374,51.846668
Padova,2013,32.01,35.8,1.43,34.671583,53.615331,44.476701,61.39796,40.865841,50.77059
Padova,2014,32,35.61,1.4,36.329624,56.109034,46.556667,59.8779,39.34224,49.259834
Padova,2015,32.25,35.85,1.36,37.368903,56.794151,47.409717,57.766797,38.216905,47.661556
Padova,2016,32.36,35.91,1.36,37.513824,56.742441,47.454718,57.863389,39.431499,48.33439
Padova,2017,32.43,35.95,1.31,35.243894,54.153377,45.017427,60.185627,41.041589,50.290863
Padova,2018,32.61,36.18,1.3,35.49801,52.717203,44.389708,61.469504,43.833475,52.362559
Padova,2019,32.54,36.05,1.25,36.755893,54.244276,45.776442,61.045207,41.865077,51.151789
Padova,2020,32.69,36.14,1.2,37.735714,57.186241,47.757405,58.943123,39.462618,48.905986
Rovigo,2011,31.33,35.22,1.24,39.342624,55.320854,47.63088,57.584962,42.013092,49.507494
Rovigo,2012,31.57,35.64,1.3,37.777282,56.525344,47.496193,56.678532,39.331381,47.685847
Rovigo,2013,31.42,35.26,1.23,38.328664,56.768925,47.879136,56.840146,39.2096,47.709505
Rovigo,2014,31.5,35.35,1.18,39.763046,58.98853,49.713028,55.963632,35.950503,45.606011
Rovigo,2015,31.78,35.46,1.2,39.632487,61.154018,50.768398,55.293728,35.498367,45.051423
Rovigo,2016,31.85,35.31,1.15,37.451521,59.667805,48.947229,58.727135,35.356597,46.634164
Rovigo,2017,31.93,35.68,1.21,39.511722,59.312644,49.756578,56.307421,36.514649,46.066305
Rovigo,2018,31.7,35.62,1.13,42.214912,55.549141,49.108879,54.149721,41.104334,47.404629
Rovigo,2019,31.91,35.79,1.05,40.104677,55.823523,48.221321,56.10752,39.53678,47.550989
Rovigo,2020,31.92,35.76,1.05,39.785475,61.854455,51.165698,57.232673,34.43475,45.47608
Pordenone,2011,31.24,35.08,1.52,37.157885,52.791763,45.203272,60.27664,43.682493,51.737487
Pordenone,2012,31.4,35.53,1.46,35.199653,52.828247,44.278373,60.964627,43.385428,51.911344
Pordenone,2013,31.53,35.31,1.47,37.28998,53.853424,45.818779,58.543964,41.73913,49.890869
Pordenone,2014,31.37,35.09,1.48,36.840363,55.961039,46.683105,58.129687,40.249532,48.925503
Pordenone,2015,31.7,35.4,1.39,36.967761,55.626222,46.575814,59.379292,40.804193,49.81454
Pordenone,2016,31.89,35.5,1.42,36.396221,53.074403,44.982609,59.630136,42.79703,50.963975
Pordenone,2017,31.8,35.45,1.38,36.58286,53.459642,45.268738,60.6411,43.018436,51.572089
Pordenone,2018,32.05,35.58,1.36,38.173441,54.520616,46.568607,59.244331,42.913245,50.857427
Pordenone,2019,31.94,35.64,1.36,36.588976,56.593522,46.856802,62.022103,40.030257,50.734657
Pordenone,2020,31.92,35.45,1.31,37.272032,57.196359,47.491884,61.527937,40.696628,50.842864
Udine,2011,31.46,35.37,1.32,41.716315,57.633215,49.999679,56.080121,39.755773,47.584716
Udine,2012,31.43,35.15,1.37,42.089388,57.555779,50.138335,54.522584,38.819523,46.350679
Udine,2013,31.64,35.38,1.34,41.141649,57.63904,49.722137,54.969286,38.344398,46.32227
Udine,2014,31.69,35.24,1.34,40.81216,57.536131,49.504535,54.921993,38.358794,46.31318
Udine,2015,31.82,35.32,1.27,41.409945,58.17154,50.119834,54.465095,37.449521,45.623017
Udine,2016,32.04,35.49,1.28,43.080984,57.087506,50.362607,54.014262,38.978694,46.197895
Udine,2017,32,35.5,1.24,42.392228,56.729145,49.846069,54.445039,39.518401,46.68417
Udine,2018,32.29,35.91,1.21,41.70644,55.065259,48.643538,55.069796,40.940228,47.732468
Udine,2019,32.37,35.84,1.18,40.996971,56.097002,48.831703,55.736268,40.179368,47.664487
Udine,2020,32.26,35.57,1.22,41.840765,55.183664,48.759165,55.086194,40.729477,47.641905
Gorizia,2011,31.25,35.04,1.35,42.757684,59.647053,51.526113,53.735779,37.457337,45.285299
Gorizia,2012,30.68,34.44,1.43,42.10007,57.719707,50.208219,54.482043,38.67419,46.275373
Gorizia,2013,31.14,34.91,1.36,44.295427,59.669023,52.259188,51.825226,36.617341,43.947306
Gorizia,2014,30.96,34.83,1.37,42.304391,58.58994,50.707793,53.819614,36.768257,45.020199
Gorizia,2015,31.29,34.98,1.49,40.739745,60.138420000000004,50.724271,55.062653,35.530004,45.009171
Gorizia,2016,31.62,35.21,1.43,41.258283,61.326706,51.564213,54.717298,33.736379,43.942766
Gorizia,2017,31.62,35.18,1.46,42.379627,58.799291,50.813728,53.137701,36.41576,44.549168
Gorizia,2018,31.27,35.11,1.4,42.671251,58.872608,50.978041,53.568298,36.539355,44.835515
Gorizia,2019,31.64,35.54,1.32,41.815426,58.185521,50.200437,54.563826,37.867659,46.011796
Gorizia,2020,31.58,35.55,1.39,40.867411,58.96757,50.140162,55.326501,36.481651,45.672243
Trieste,2011,31.69,35.05,1.36,47.302631,59.61859,53.855161,50.752206,38.242309,44.096494
Trieste,2012,31.78,35.39,1.41,46.25106,59.147742,53.106269,51.254882,38.043388,44.232335
Trieste,2013,31.7,35.08,1.33,44.513012,58.163472,51.747039,52.33806,38.44084,44.972775
Trieste,2014,31.9,35.23,1.36,44.948511,58.250239,51.977173,51.23955,39.198065,44.876363
Trieste,2015,32.27,35.29,1.28,43.307951,56.077302,50.041715,52.672304,39.814747,45.892511
Trieste,2016,32.06,35.43,1.33,43.936935,55.611821,50.082694,52.112777,40.229906,45.857047
Trieste,2017,32.25,35.77,1.32,43.66431,55.408951,49.82939,52.812788,42.016152,47.144895
Trieste,2018,32.61,35.89,1.28,41.781025,53.678641,48.011082,54.278601,42.613942,48.170993
Trieste,2019,32.59,36.06,1.22,43.897561,53.28402,48.806969,53.068054,43.841824,48.242451
Trieste,2020,32.62,35.5,1.22,42.788313,52.927035,48.094907,55.113928,44.746492,49.687625
Piacenza,2011,30.47,34.76,1.44,38.850447,58.295389,48.944246,58.792743,39.216616,48.630847
Piacenza,2012,30.74,34.91,1.44,37.764411,56.426602,47.448192,58.729323,39.592886,48.799055
Piacenza,2013,30.74,34.9,1.47,37.439843,57.303606,47.727993,58.154735,38.617782,48.035851
Piacenza,2014,31.26,35.41,1.45,37.590121,55.331597,46.773527,57.180159,39.926536,48.249277
Piacenza,2015,31.21,35.21,1.46,37.844973,56.120698,47.303525,57.502373,39.271214,48.066887
Piacenza,2016,31.11,35.24,1.43,38.526238,54.773936,46.930695,57.390085,41.309747,49.071415
Piacenza,2017,31.2,35.34,1.37,37.155917,53.313415,45.50519,59.440793,43.386821,51.145017
Piacenza,2018,31.49,35.45,1.43,36.126403,54.136272,45.414196,60.859875,42.778706,51.536119
Piacenza,2019,31.2,35.32,1.39,36.550958,53.033548,45.034274,59.931371,44.172868,51.821115
Piacenza,2020,31.49,35.29,1.29,36.708924,54.554573,45.880353,60.483884,42.320231,51.149023
Parma,2011,31.32,35.36,1.44,37.319207,54.003031,46.013975,60.619462,44.045925,51.982170000000004
Parma,2012,31.28,35.28,1.43,36.565784,51.464463,44.323422,59.483319,45.458913,52.180658
Parma,2013,31.4,35.35,1.43,36.633533,51.209325,44.210243,58.77538,45.147456,51.691139
Parma,2014,31.42,35.37,1.43,34.799731,51.867872,43.665891,61.278464,44.040647,52.324419
Parma,2015,31.5,35.33,1.43,37.303576,52.153298,45.013576,59.447105,43.509402,51.172223
Parma,2016,31.59,35.58,1.42,36.55702,51.067486,44.083981,59.928391,45.151593,52.263276
Parma,2017,31.83,35.63,1.36,35.721247,51.702896,44.004482,61.588784,45.17104,53.079782
Parma,2018,31.9,35.63,1.34,35.181354,51.042754,43.390807,62.009904,46.344241,53.90176
Parma,2019,31.91,35.93,1.33,37.231981,51.966224,44.851016,60.234752,45.202454,52.461594
Parma,2020,32.01,35.85,1.3,36.693788,52.816077,45.012147,59.990546,44.110979,51.797673
Reggio nell'Emilia,2011,30.74,34.65,1.65,35.225058,53.953322,44.872127,62.079304,43.364822,52.439562
Reggio nell'Emilia,2012,30.66,34.56,1.63,36.609942,53.010165,45.057421,60.923994,44.296519,52.359232
Reggio nell'Emilia,2013,31.14,35.02,1.57,36.756098,52.165956,44.680509,60.014726,44.58674,52.08121
Reggio nell'Emilia,2014,31.17,34.9,1.51,36.504854,53.301685,45.134806,59.418389,43.484182,51.231654
Reggio nell'Emilia,2015,31.39,35.11,1.55,36.330408,53.885229,45.350426,59.958697,43.902175,51.708313
Reggio nell'Emilia,2016,31.46,35.26,1.49,36.744103,51.93912,44.550887,60.525151,45.54955,52.831097
Reggio nell'Emilia,2017,31.51,35.22,1.44,35.735552,53.006099,44.603857,61.579847,44.268152,52.690197
Reggio nell'Emilia,2018,31.61,35.28,1.35,36.98489,51.450654,44.399077,61.662507,45.26482,53.258146000000004
Reggio nell'Emilia,2019,31.7,35.4,1.37,36.207637,49.945673,43.240976,62.14286,47.163775,54.474377
Reggio nell'Emilia,2020,31.88,35.28,1.34,38.299206,51.214805,44.905212,59.632419,45.752059,52.532962
Modena,2011,30.93,35.06,1.61,38.4341,51.423367,45.159857,58.793897,45.782647,52.057262
Modena,2012,31.07,35.21,1.58,36.699914,49.922548,43.545642,59.254099,47.386357,53.110005
Modena,2013,31.17,35.41,1.52,36.624607,51.082848,44.099663,59.472728,44.496959,51.730279
Modena,2014,31.27,35.27,1.49,37.214126,53.132399,45.433505,58.253089,42.76545,50.256225
Modena,2015,31.54,35.42,1.48,37.056703,53.315634,45.454971,58.722378,42.779622,50.487592
Modena,2016,31.6,35.42,1.49,35.721101,50.984363,43.605303,60.743225,45.081742,52.65349
Modena,2017,31.66,35.51,1.44,36.47945,49.023199,42.957301,60.866576,45.658589,53.012857
Modena,2018,31.83,35.72,1.43,35.844138,51.530164,43.931165,61.128383,44.744122,52.681377
Modena,2019,31.95,35.91,1.33,36.105296,50.14442,43.331411,60.280111,46.111292,52.987573
Modena,2020,32.11,35.74,1.31,37.031836,52.066474,44.765726,59.816237,44.72026,52.050793
Bologna,2011,31.53,35.31,1.42,39.107559,51.146053,45.440702,58.115665,46.52507,52.01815
Bologna,2012,31.57,35.3,1.4,38.633495,51.381085,45.338449,57.19462,45.27344,50.92445
Bologna,2013,31.58,35.42,1.43,37.616654,50.613744,44.439417,57.532855,45.134921,51.024615
Bologna,2014,31.75,35.5,1.41,37.167701,51.37051,44.614202,59.127863,44.563854,51.491867
Bologna,2015,31.84,35.49,1.4,38.158345,50.920347,44.848809,57.847184,45.083436,51.155689
Bologna,2016,31.94,35.71,1.37,36.644588,49.459789,43.358563,60.241699,47.508168,53.570626
Bologna,2017,32.17,35.85,1.32,37.876877,49.264961,43.839163,59.557914,47.571671,53.282459
Bologna,2018,32.35,36.05,1.33,37.377312,48.931898,43.422352,59.573665,47.747185,53.386263
Bologna,2019,32.04,35.8,1.27,36.482915,49.016253,43.036074,60.731993,48.682772,54.431849
Bologna,2020,32.61,35.76,1.22,37.553622,49.849617,43.974181,59.985408,47.728157,53.584967
Ferrara,2011,31.25,35.13,1.33,39.403709,53.942368,47.069451,58.280441,42.025233,49.709946
Ferrara,2012,31.45,35.26,1.33,39.897269,52.140381,46.350781,54.290311,42.25199,47.944748
Ferrara,2013,31.21,35.01,1.28,43.275685,53.091083,48.442697,50.192085,38.672496,44.127955
Ferrara,2014,31.21,35.09,1.26,39.872093,54.479068,47.558088,52.70064,38.912839,45.445092
Ferrara,2015,31.69,35.21,1.21,39.854572,53.443947,46.998186,53.552423,40.127556,46.495287
Ferrara,2016,31.68,35.42,1.21,39.486013,53.836391,47.020047,54.815052,40.60155,47.352878
Ferrara,2017,31.66,35.6,1.23,38.883413,54.014639,46.818444,56.46049,40.610779,48.149016
Ferrara,2018,32.02,35.76,1.21,39.459263,55.167441,47.687317,55.751428,40.134602,47.571225
Ferrara,2019,31.8,35.53,1.22,38.028616,53.635178,46.20408,57.428719,41.595217,49.134373
Ferrara,2020,31.98,35.58,1.14,40.233556,53.861896,47.357991,56.572812,42.084152,48.998631
Ravenna,2011,31.05,34.99,1.48,38.75911,50.976734,45.117317,59.167757,46.007244,52.318557
Ravenna,2012,31.02,34.82,1.48,38.447793,52.075877,45.540345,58.063495,43.924443,50.705017
Ravenna,2013,31.06,34.78,1.43,38.906556,51.028234,45.210733,55.560152,43.722613,49.404046
Ravenna,2014,31.07,34.81,1.43,38.644698,52.056713,45.611649,56.275072,43.037002,49.398477
Ravenna,2015,31.25,34.98,1.41,39.048604,52.588647,46.080549,57.40074,41.500954,49.143276
Ravenna,2016,31.18,34.93,1.39,39.396323,51.234339,45.536887,56.250346,43.325331,49.546234
Ravenna,2017,31.41,35.07,1.37,39.740802,53.251749,46.743864,56.073951,43.226521,49.414807
Ravenna,2018,31.64,35.32,1.36,38.578952,52.891273,46.00013,58.860479,43.397089,50.842452
Ravenna,2019,31.73,35.39,1.3,38.611091,51.505001,45.30294,59.474387,45.417432,52.178926
Ravenna,2020,31.66,35.26,1.28,39.881477,52.968,46.666548,57.297743,42.58472,49.669399
Forlì-Cesena,2011,31.27,35.21,1.49,37.989885,52.776535,45.643418,57.892308,43.542061,50.465234
Forlì-Cesena,2012,31.1,35.23,1.48,37.916866,51.571124,44.988544,58.256982,43.736907,50.736574
Forlì-Cesena,2013,31.18,35.17,1.47,37.924641,53.377255,45.928465,58.823853,43.445927,50.85843
Forlì-Cesena,2014,31.35,35.29,1.42,36.305546,52.860885,44.882548,59.554413,42.840258,50.895425
Forlì-Cesena,2015,31.63,35.38,1.4,37.068379,51.790681,44.703984,59.533191,44.757062,51.869659
Forlì-Cesena,2016,31.69,35.42,1.4,38.933599,50.523596,44.948038,56.933881,45.387233,50.942232
Forlì-Cesena,2017,31.86,35.55,1.35,39.876061,52.64369,46.500646,56.469642,43.533881,49.75812
Forlì-Cesena,2018,31.83,35.58,1.35,37.974971,52.378322,45.440644,59.899,44.510952,51.922634
Forlì-Cesena,2019,31.94,35.65,1.25,37.201922,48.785578,43.203307,60.145034,47.656174,53.674354
Forlì-Cesena,2020,31.97,35.42,1.25,36.466438,52.309809,44.662398,60.832638,44.666348,52.469334
Rimini,2011,31.23,35.42,1.44,36.035067,54.587689,45.700311,60.978489,40.093192,50.097966
Rimini,2012,31.19,35.52,1.47,37.440164,53.789644,45.965958,58.504036,40.242181,48.980992
Rimini,2013,31.48,35.44,1.44,37.566454,55.399449,46.862606,57.252348,37.708675,47.064437
Rimini,2014,31.62,35.38,1.41,38.818664,54.117228,46.797386,55.592315,39.707097,47.307633
Rimini,2015,31.61,35.45,1.42,38.689316,53.576511000000004,46.460919,57.071138,40.513077,48.42725
Rimini,2016,31.82,35.56,1.33,38.952841,53.279562,46.435118,56.248953,41.765795,48.684975
Rimini,2017,32.03,35.86,1.3,38.884777,52.781035,46.149265,55.145842,42.198067,48.377189
Rimini,2018,32.27,35.73,1.24,36.434573,48.48011,42.727332,59.130479,46.551462,52.558662
Rimini,2019,32.19,36.07,1.21,36.411422,51.636282,44.359714,59.752022,43.330467,51.178644
Rimini,2020,32.26,35.65,1.19,37.891479,54.530767,46.579347,56.765391,40.325229,48.181492
Massa-Carrara,2011,31.15,35.09,1.3,44.08874,59.169269,52.003256,50.604829,35.165975,42.501684
Massa-Carrara,2012,31.28,35.47,1.31,40.631913,57.218925,49.33577,53.782367,35.431443,44.152916
Massa-Carrara,2013,31.55,35.28,1.2,40.701683,58.278096,49.920291,52.717805,36.112997,44.008276
Massa-Carrara,2014,31.27,35.11,1.24,42.504989,55.310252,49.221311,49.822557,35.797079,42.466236
Massa-Carrara,2015,31.54,35.05,1.16,42.487419,57.060092,50.121516,51.121495,36.988435,43.717696
Massa-Carrara,2016,31.94,35.57,1.16,38.972129,59.99583,49.973299,51.77053,32.589325,41.733993
Massa-Carrara,2017,31.93,35.62,1.23,41.214819,58.157328,50.072148,50.699694,33.904499,41.919378
Massa-Carrara,2018,31.98,35.64,1.14,41.858718,57.893044,50.231594,53.034048,36.901105,44.610227
Massa-Carrara,2019,32.13,35.95,1.02,41.182764,58.144791,50.036615,54.340531,39.234178,46.455306
Massa-Carrara,2020,32.07,35.59,1.03,41.450613,55.707333,48.881348,55.811829,39.391397,47.253369
Lucca,2011,31.58,35.32,1.31,39.109281,63.290647,51.789992,58.976964,33.388287,45.558567
Lucca,2012,31.53,35.41,1.38,38.190313,58.377839,48.776109,59.139437,36.265928,47.145513
Lucca,2013,31.77,35.61,1.3,42.477444,56.084318,49.605908,54.328929,37.733377,45.634736
Lucca,2014,31.81,35.64,1.3,40.696551,56.346598,48.892449,51.075709,34.158672,42.215976
Lucca,2015,32.02,35.49,1.26,41.541412,55.781353,48.995378,53.088523,38.03231,45.207275
Lucca,2016,31.96,35.72,1.28,41.330156,53.799315,47.851129,53.79891,40.895927,47.050466
Lucca,2017,32.24,35.88,1.26,41.097464,56.6993,49.248235,52.794657,38.298482,45.22151
Lucca,2018,32.13,35.69,1.23,40.845235,56.425153,48.980275,54.647133,38.668459,46.304176
Lucca,2019,32.44,36.13,1.21,42.80431,58.383605,50.934603,52.982333,38.083667,45.206943
Lucca,2020,32.56,35.81,1.12,42.471161,58.823032,50.998646,53.055185,38.594218,45.513805
Pistoia,2011,31.29,35.01,1.41,38.396343,57.677232,48.524884,59.688793,37.876451,48.230849
Pistoia,2012,31.43,35.21,1.35,41.305813,58.065147,50.107836,54.871424,37.276344,45.630466
Pistoia,2013,31.48,35.23,1.28,42.375379,57.261891,50.196762,52.715527,37.304757,44.61908
Pistoia,2014,31.38,35.23,1.35,40.775262,56.004964,48.772282,52.928851,36.736735,44.426894
Pistoia,2015,31.6,35.36,1.34,38.393702,54.692168,46.950268,56.035441,39.922836,47.57645
Pistoia,2016,31.84,35.34,1.27,38.14598,53.995512,46.465534,53.76559,37.049018,44.990919
Pistoia,2017,31.84,35.75,1.3,39.615388,55.406836,47.900388,54.182927,38.582399,45.998094
Pistoia,2018,31.83,35.67,1.32,40.592609,53.895709,47.568836,55.067556,42.144386,48.290173
Pistoia,2019,32.16,35.7,1.19,39.67078,56.660068,48.575673,56.254026,38.732922,47.070383
Pistoia,2020,32.36,36.02,1.15,40.950918,57.929403,49.835694,55.065153,38.025059,46.148122
Firenze,2011,31.84,35.48,1.4,38.840345,55.315193,47.542782,57.407844,42.173163,49.360495
Firenze,2012,31.9,35.45,1.43,39.019904,54.017194,46.943669,56.983805,42.549745,49.357621
Firenze,2013,31.84,35.45,1.4,39.47065,53.245372,46.743736,55.726041,42.859305,48.932258
Firenze,2014,32.05,35.51,1.39,38.421668,50.114737,44.591696,57.204429,45.663675,51.114772
Firenze,2015,32.28,35.68,1.3,39.093724,52.236056,46.023563,55.839165,44.41682,49.81626
Firenze,2016,32.2,35.73,1.34,38.357865,52.837401,45.98825,57.624957,42.551254,49.681578
Firenze,2017,32.54,35.95,1.29,38.118688,51.213357,45.009124,57.64919,45.530518,51.272325
Firenze,2018,32.51,35.93,1.29,39.228642,50.60131,45.20988,57.70685,46.102813,51.603928
Firenze,2019,32.77,36.2,1.22,38.908852,49.621611,44.542438,58.263823,46.409753,52.029923
Firenze,2020,32.93,36.11,1.18,38.923617,52.823449,46.234449,57.635304,44.140826,50.537674
Prato,2011,30.85,34.31,1.51,37.687042,52.157931,45.201525,58.602445,44.453297,51.254566
Prato,2012,30.55,34.06,1.53,36.689198,55.052896,46.243653,59.436168,40.877729,49.780391
Prato,2013,30.9,34.45,1.49,35.874553,54.991858,45.819157,61.171632,41.630429,51.006521
Prato,2014,30.8,34.11,1.45,35.220618,52.30242,44.101477,60.47042,41.575641,50.647453
Prato,2015,31.4,34.9,1.42,37.120481,53.436389,45.597576,57.813466,41.894836,49.543217
Prato,2016,31.05,34.49,1.44,37.289915,54.409998,46.187793,58.932648,40.951694,49.587832
Prato,2017,31.51,34.86,1.45,39.967047,51.992358,46.219326,57.105498,44.342234,50.469538
Prato,2018,31.65,35.21,1.27,38.353949,51.423939,45.140379,58.137012,44.719265,51.17093
Prato,2019,31.79,35.25,1.22,36.280358,51.179297,44.017051,59.590278,45.951008,52.508158
Prato,2020,31.95,35.01,1.16,35.985925,50.73292,43.63708,61.369324,45.010907,52.881207
Livorno,2011,31.48,35.1,1.33,43.137838,59.450167,51.72697,54.14038,37.418665,45.335689
Livorno,2012,31.55,35.49,1.36,42.698775,58.769784,51.154036,53.043798,37.523256,44.877825
Livorno,2013,31.61,35.24,1.28,44.148119,57.094836,50.953841,51.389056,38.96089,44.855908
Livorno,2014,31.69,35.38,1.33,42.514465,58.750449,51.043069,51.962675,38.077298,44.668534
Livorno,2015,31.77,35.48,1.33,42.029223,57.940554,50.388794,53.418691,38.026322,45.331775
Livorno,2016,31.66,35.3,1.28,41.330891,57.57433,49.854852,52.667555,38.123394,45.035313
Livorno,2017,32.13,35.57,1.29,44.066926,56.537395,50.602475,53.043205,39.665423,46.03215
Livorno,2018,32.11,35.55,1.3,42.859493,57.743889,50.659371,54.143089,38.829255,46.118173
Livorno,2019,32.06,35.61,1.21,43.179439,59.156692,51.54736,54.214639,37.842577,45.639942
Livorno,2020,32.31,35.71,1.15,45.232579,57.108858,51.445312,52.11204,39.672296,45.604206
Pisa,2011,31.56,35.24,1.39,39.879242,58.113357,49.381827,57.228367,38.878812,47.6659
Pisa,2012,31.57,35.4,1.4,39.593078,56.602008,48.453548,56.755725,39.901842,47.976289
Pisa,2013,31.74,35.54,1.4,37.770921,56.182036,47.348287,57.027396,40.004035,48.172209
Pisa,2014,31.91,35.7,1.41,41.692966,54.854217,48.531447,54.123392,40.79272,47.197426
Pisa,2015,32.05,35.81,1.37,40.492247,51.44163,46.177453,54.75402,44.128084,49.236481
Pisa,2016,32.01,35.81,1.36,39.725628,51.299176,45.732198,56.825012,44.288499,50.319243
Pisa,2017,32.19,35.66,1.32,38.255102,50.918475,44.819789,57.848735,45.18846,51.285654
Pisa,2018,32.3,35.72,1.25,37.976243,52.330363,45.413156,58.637136,44.312194,51.215341
Pisa,2019,32.38,36.11,1.24,38.916921,52.63113,46.019378,57.238069,44.605397,50.696005
Pisa,2020,32.37,35.78,1.22,39.887188,53.685744,47.023966,57.050766,42.458752,49.503583
Arezzo,2011,31.49,34.98,1.36,39.425598,57.519365,48.811793,57.40912,39.473785,48.105112
Arezzo,2012,31.69,35.27,1.35,40.014204,57.193672,48.925784,56.327141,39.008771,47.343497
Arezzo,2013,31.49,35.28,1.27,39.398644,55.553493,47.777863,56.107742,40.537166,48.031575
Arezzo,2014,31.55,35.13,1.34,40.682299,54.915509,48.06267,54.13552,40.569948,47.101324
Arezzo,2015,31.67,35.31,1.25,39.600736,55.526812,47.859868,53.432539,40.595432,46.775321
Arezzo,2016,31.91,35.42,1.29,39.242199,51.469255,45.583822,53.938974,45.200733,49.406842
Arezzo,2017,32.13,35.66,1.28,39.048213,51.15825,45.324366,54.950608,44.151401,49.353807
Arezzo,2018,32.06,35.57,1.21,40.531541,54.738563,47.886834,54.250175,40.740334,47.255828
Arezzo,2019,32.28,35.63,1.22,40.006391,53.736971,47.111394,56.188041,42.210245,48.955114
Arezzo,2020,32.36,35.69,1.22,41.089446,53.160696,47.331101,54.696751,43.129543,48.716056
Siena,2011,31.23,34.97,1.42,40.399222,56.499025,48.845893,56.159151,40.275431,47.826272
Siena,2012,31.58,35.35,1.4,40.158702,56.918224,48.958449,55.86479,39.161639,47.094217
Siena,2013,31.5,35.09,1.38,40.45399,56.404881,48.829788,55.133664,38.6186,46.461634
Siena,2014,31.53,35.19,1.38,40.237006,54.811011,47.886452,55.664847,40.102878,47.496422
Siena,2015,31.89,35.7,1.33,38.598703,52.143277,45.706509,56.084294,42.421054,48.914216
Siena,2016,31.67,35.33,1.33,37.899951,51.784561,45.1855,57.25642,43.080381,49.817953
Siena,2017,31.91,35.64,1.28,37.404131,51.778773,44.942926,58.298061,42.278863,49.896777
Siena,2018,32.03,35.69,1.26,39.052011,51.749891,45.70745,57.11762,43.947557,50.214692
Siena,2019,32.12,35.98,1.25,38.49438,51.262222,45.18097,58.207034,44.397085,50.975118
Siena,2020,32.29,35.75,1.15,39.632703,52.822761,46.531416,57.993924,42.723513,50.007137
Grosseto,2011,31,34.67,1.36,40.840474,60.718457,51.298907,56.202028,35.733298,45.432289
Grosseto,2012,31.27,35.13,1.27,39.935061,57.474666,49.153029,55.776026,38.548551,46.721604
Grosseto,2013,31.33,35.28,1.21,38.627372,57.551581,48.573274,57.717179,37.019115,46.839001
Grosseto,2014,31.24,34.91,1.24,37.711073,59.057908,48.93042,58.679211,36.530129,47.038223
Grosseto,2015,31.35,35.26,1.27,36.075787,57.2408,47.194323,59.796106,38.640775,48.683143
Grosseto,2016,31.53,35.11,1.26,35.583656,58.1513,47.429545,60.846521,37.977051,48.842202
Grosseto,2017,31.55,35.35,1.21,38.942984,56.791829,48.306711,56.286165,39.496109,47.477928
Grosseto,2018,31.65,35.41,1.26,40.951438,53.930291,47.754555,54.488241,41.348868,47.601497
Grosseto,2019,31.66,35.34,1.12,39.257625,54.654661,47.315952,56.204207,42.373529,48.965149
Grosseto,2020,31.77,35.56,1.17,38.350892,55.873618,47.502465,57.983229,41.142863,49.188032
Perugia,2011,31.31,35.19,1.43,39.817247,57.335528,49.005758,56.809314,38.83169,47.379873
Perugia,2012,31.35,35.37,1.41,39.877502,56.666343,48.684127,55.026062,38.43774,46.324619
Perugia,2013,31.3,35.33,1.4,40.520538,56.039309,48.655468,54.090807,38.764814,46.056583
Perugia,2014,31.51,35.5,1.36,40.137372,55.272469,48.068924,53.563291,39.52182,46.205016
Perugia,2015,31.56,35.33,1.32,38.860437,54.384371,46.99445,55.57116,40.399074,47.621339
Perugia,2016,31.84,35.61,1.3,39.957144,55.417291,48.055716,54.717495,39.976371,46.99574
Perugia,2017,31.92,35.59,1.29,38.85386,55.13036,47.369936,55.385255,39.916213,47.291489
Perugia,2018,31.92,35.55,1.24,39.238583,55.411175,47.688713,56.108479,39.816746,47.596276
Perugia,2019,32.07,35.88,1.22,39.633955,53.914872,47.087172,55.996138,42.143752,48.766572
Perugia,2020,32.19,35.49,1.16,40.679775,53.758671,47.497644,55.116705,41.671256,48.107932
Terni,2011,31.2,35.17,1.27,45.532849,61.677474,54.073658,52.702246,36.240955,43.994412
Terni,2012,31.52,35.22,1.34,43.524656,58.534684,51.466261,52.681964,36.870585,44.316374
Terni,2013,31.6,35.59,1.32,44.937641,59.12458,52.437296,49.370097,36.575211,42.606325
Terni,2014,31.51,35.03,1.3,43.576913,60.199993,52.360339,51.029079,33.637317,41.839491
Terni,2015,31.75,35.54,1.17,42.199394,59.033136,51.093301,52.79682,35.034263,43.412667
Terni,2016,31.71,35.15,1.2,43.758245,60.266636,52.477106,51.472714,35.256737,42.908291
Terni,2017,31.97,35.59,1.17,43.794555,58.781589,51.702655,50.644131,35.456809,42.630822
Terni,2018,31.74,35.25,1.18,45.09121,59.878217,52.890613,50.50755,35.306598,42.490328
Terni,2019,32.27,35.44,1.13,45.285111,57.093932,51.509681,50.833795,36.795079,43.434349
Terni,2020,32.47,35.67,1.14,47.040196,61.164078,54.468578,49.166222,35.753691,42.112446
Pesaro e Urbino,2011,31.31,35.07,1.49,38.174719,56.61053,47.704683,58.916612,40.385555,49.337413
Pesaro e Urbino,2012,31.31,35.27,1.41,36.093738,51.83949,44.239821,60.124427,42.99869,51.264726
Pesaro e Urbino,2013,31.45,35.26,1.4,38.61744,55.885644,47.546491,56.403807,38.659249,47.227816
Pesaro e Urbino,2014,31.52,35.43,1.37,39.753669,57.547742,48.95664,55.736673,37.273357,46.187574
Pesaro e Urbino,2015,31.98,35.48,1.35,40.160536,57.701777,49.233523,53.267196,37.094664,44.901861
Pesaro e Urbino,2016,31.89,35.53,1.34,39.04262,57.064359,48.365252,53.449953,37.476224,45.186755
Pesaro e Urbino,2017,31.92,35.48,1.28,40.818545,54.974549,48.137256,53.993024,40.914726,47.231492
Pesaro e Urbino,2018,32.22,35.9,1.23,38.578582,55.154527,47.145129,57.384831,40.479029,48.647812
Pesaro e Urbino,2019,32.43,36.2,1.19,39.051268,54.858407,47.221756,57.933626,41.034119,49.198186
Pesaro e Urbino,2020,32.61,35.87,1.16,40.198866,53.37826,47.00325,55.662543,42.665496,48.951995
Ancona,2011,31.25,35.21,1.44,41.956281,53.959666,48.233209,55.079516,41.99944,48.2398
Ancona,2012,31.37,35.25,1.43,38.227257,54.142564,46.554865,57.24282,40.624724,48.547481
Ancona,2013,31.46,35.39,1.36,38.961885,53.062674,46.334229,55.061118,40.848654,47.630386
Ancona,2014,31.66,35.29,1.38,40.81953,52.127086,46.726122,53.884055,42.083802,47.719846
Ancona,2015,31.74,35.42,1.36,38.17488,53.091916,45.967705,56.951179,41.66155,48.963707
Ancona,2016,31.9,35.42,1.32,39.114861,54.593696,47.193587,56.063547,40.249042,47.809629
Ancona,2017,32.09,35.57,1.27,40.318851,55.166969,48.061019,54.115299,37.525946,45.465451
Ancona,2018,32.26,35.69,1.24,40.369812,53.56965,47.244956,55.501469,41.319976,48.115008
Ancona,2019,32.24,35.93,1.21,41.380719,52.173954,46.997541,52.832414,41.867732,47.126603
Ancona,2020,32.29,35.8,1.21,42.644724,55.326854,49.236716,53.572869,40.33348,46.690966
Macerata,2011,31.39,35.16,1.43,41.47313,57.814019,49.965707,55.91507,39.518101,47.393348
Macerata,2012,31.43,35.3,1.39,39.316553999999996,58.478477,49.273172,56.076079,37.894386,46.628456
Macerata,2013,31.6,35.36,1.34,41.498358,56.077676,49.063892,51.850269,37.513466,44.410221
Macerata,2014,31.42,35.09,1.38,39.900086,54.567189,47.508171,55.806633,40.161289,47.691117
Macerata,2015,31.59,35.55,1.37,39.320728,55.88955,47.914753,55.898372,39.492781,47.389012
Macerata,2016,31.81,35.75,1.36,40.413674,56.035518,48.515787,55.405964,38.646581,46.71424
Macerata,2017,32.1,35.95,1.31,38.754657,56.874178,48.151913,56.87073,39.191421,47.701779
Macerata,2018,32.12,35.85,1.27,37.972869,56.468547,47.556796,57.208392,40.375977,48.486653
Macerata,2019,32.22,36.03,1.25,38.546333,56.056308,47.614203,57.655331,39.811361,48.414121
Macerata,2020,32.48,35.98,1.24,41.046828,57.418268,49.521864,56.523337,39.385248,47.651428
Ascoli Piceno,2011,32.03,35.75,1.29,46.005569,60.71651,53.70916,49.085846,34.124035,41.251427
Ascoli Piceno,2012,32.24,35.9,1.28,44.552072,61.77249,53.532384,47.898616,34.31203,40.812867
Ascoli Piceno,2013,32.36,35.97,1.27,43.275583,61.304425,52.672439,49.958642,34.613263,41.959897
Ascoli Piceno,2014,32.35,35.97,1.33,39.87939,58.758615,49.710744,52.317161,36.924022,44.300284
Ascoli Piceno,2015,32.5,36.19,1.24,42.121745,58.699617,50.761909,51.13519,36.943538,43.738218
Ascoli Piceno,2016,32.81,36.33,1.26,39.093887,57.275571,48.564858,50.818982,37.37956,43.817745
Ascoli Piceno,2017,32.7,36.25,1.17,39.636848,56.953107,48.647453,52.549922,35.944686,43.909302
Ascoli Piceno,2018,32.6,36.33,1.15,41.801928,58.328757,50.398502,53.865525,36.663639,44.918899
Ascoli Piceno,2019,32.91,36.66,1.12,41.584625,56.18981,49.178032,54.153408,37.592805,45.542731
Ascoli Piceno,2020,33.05,36.06,1.13,39.888493,61.038063,50.8738,54.499368,34.492883,44.108823
Viterbo,2011,31.41,35.07,1.31,41.009222,64.932873,53.392309,53.151262,31.067749,41.720281
Viterbo,2012,31.42,35.08,1.31,42.511151,62.741523,52.98001,51.474603,31.576253,41.177559
Viterbo,2013,31.63,35.39,1.23,43.211364,60.429986,52.103249,48.717091,32.828409,40.512002
Viterbo,2014,31.73,35.5,1.27,40.02793,56.889231,48.724399,51.660288,35.380677,43.26418
Viterbo,2015,31.81,35.56,1.23,40.268427,60.003324,50.447101,52.902179,33.271247,42.777813
Viterbo,2016,31.99,35.76,1.23,39.518267,60.635768,50.408778,52.769263,32.263986,42.194134
Viterbo,2017,32.17,35.73,1.16,41.15802,61.241767,51.511845,51.680541,33.283508,42.195912
Viterbo,2018,32.05,35.64,1.2,42.945825,61.82003,52.659989,50.508888,33.458828,41.733539
Viterbo,2019,31.97,35.51,1.11,44.93535,63.118101,54.287825,49.777042,32.974065,41.133933
Viterbo,2020,32.38,35.89,1.09,44.905846,64.382497,54.909631,50.891552,31.80553,41.088062
Rieti,2011,31.59,35.21,1.32,45.880961,63.315923,54.857512,49.642702,33.279221,41.218539
Rieti,2012,31.2,34.91,1.31,43.820292,61.65655,52.994313,51.669103,33.90561,42.532508
Rieti,2013,31.63,35.19,1.24,45.044181,62.097588,53.787705,48.726195,33.332866,40.83446
Rieti,2014,31.64,35.14,1.21,46.334195,61.874282,54.287742,47.467555,33.042942,40.085583
Rieti,2015,31.93,35.5,1.25,47.286046,61.088642,54.346905,45.994528,34.250365,39.986062
Rieti,2016,32.3,35.53,1.16,46.302998,60.36745,53.489828,47.401948,34.699423,40.911053
Rieti,2017,31.98,35.68,1.17,45.903984,60.936059,53.565567,47.606971,34.529771,40.94166
Rieti,2018,32.37,35.57,1.1,43.524128,61.184549,52.505899,50.590999,34.42871,42.370494
Rieti,2019,31.93,35.6,1.16,44.764883,59.226729,52.111844,50.184507,35.95396,42.955051
Rieti,2020,32.49,35.93,1.15,46.013678,61.958955,54.110503,50.769552,35.002383,42.763168
Roma,2011,32.01,35.71,1.5,38.203736,56.160543,47.711052,56.842257,39.909286,47.877042
Roma,2012,32.07,35.65,1.46,38.184153,54.657425,46.893501,56.168797,40.445035,47.855738
Roma,2013,32.04,35.57,1.46,38.354765,54.787278,47.012617,55.411561,39.703025,47.135181
Roma,2014,32.14,35.7,1.42,37.38694,53.423072,45.813565,55.754989,41.122243,48.065837
Roma,2015,32.22,35.67,1.38,37.625734,54.242683,46.362619,55.789229,40.812028,47.914493
Roma,2016,32.48,35.96,1.38,37.647554,53.952279,46.228445,56.489658,41.353648,48.523842
Roma,2017,32.55,35.99,1.31,37.44299,52.839915,45.537263,56.965252,42.412974,49.315015
Roma,2018,32.61,36.02,1.25,37.058001,52.435076,45.138719,56.977871,42.72125,49.485929
Roma,2019,32.68,36.05,1.17,37.360023,52.536422,45.34301,56.873924,43.21927,49.691395
Roma,2020,32.83,35.92,1.17,38.678961,54.604175,47.057251,55.94158,41.483697,48.33523
Latina,2011,31.23,34.98,1.47,39.776447,63.92578,52.224623,55.585306,31.472168,43.155787
Latina,2012,31.46,35.17,1.47,39.915056,61.745457,51.136385,53.385823,31.493115,42.132466
Latina,2013,31.39,35.12,1.44,40.13593,61.651732,51.156319,52.043413,31.231619,41.383605
Latina,2014,31.62,35.06,1.44,41.033938,59.948867,50.70381,50.890047,32.403645,41.439251
Latina,2015,31.56,35.11,1.39,40.658169,62.514103,51.824062,50.403288,30.439601,40.204117
Latina,2016,31.6,35.05,1.39,39.388726,62.995616,51.425607,51.887951,30.653348,41.06047
Latina,2017,31.91,35.33,1.4,37.744518,62.432795,50.322774,55.643036,30.954726,43.064763
Latina,2018,32.39,35.32,1.36,37.592543,62.328468,50.185459,54.144735,29.993968,41.849903
Latina,2019,32.12,35.54,1.28,40.017874,61.074004,50.744152,53.84796,31.694576,42.562929
Latina,2020,32.13,35.63,1.24,42.7368,61.687336,52.39905,52.349393,32.45872,42.207799
Frosinone,2011,31.09,34.78,1.26,44.037619,69.021938,56.92984,51.917939,27.046251,39.083604
Frosinone,2012,31.15,34.65,1.32,43.637245,68.371873,56.395284,49.947475,26.689483,37.951298
Frosinone,2013,31.25,34.77,1.28,46.480394,66.728171,56.907104,45.940019,27.866934,36.633179
Frosinone,2014,31.37,34.92,1.26,44.629771,65.56306,55.399476,45.319656,27.914809,36.365447
Frosinone,2015,31.8,35.18,1.26,42.625126,65.017614,54.137448,48.578001,28.79528,38.4074
Frosinone,2016,31.64,35.4,1.33,43.788265,65.21322,54.788075,46.518047,29.181791,37.617233
Frosinone,2017,31.94,35.44,1.25,44.241412,65.452743,55.119047,46.892114,27.241886,36.814831
Frosinone,2018,32.01,35.6,1.18,42.951918,65.188322,54.339654,47.56135,27.159438,37.112893
Frosinone,2019,32.24,35.77,1.15,45.956886,68.559441,57.525627,47.648154,25.706692,36.417547
Frosinone,2020,32.2,35.66,1.18,44.641914,68.950689,57.086781,50.052086,26.681724,38.087412
L'Aquila,2011,31.56,35.44,1.31,42.64143,61.318535,52.295676,53.728094,34.464209,43.769789
L'Aquila,2012,31.69,35.36,1.35,39.476596,59.127516,49.622729,54.684248,37.068234,45.588775
L'Aquila,2013,31.69,35.32,1.28,40.442519,63.117437,52.130347,52.373511,32.305969,42.029659
L'Aquila,2014,31.98,35.77,1.27,42.863447,63.011928,53.230959,50.95105,30.175518,40.261273
L'Aquila,2015,31.77,35.56,1.31,41.869405,61.909725,52.162653,51.20868,31.050275,40.855185
L'Aquila,2016,31.97,35.95,1.27,40.520622,61.119758,51.085184,54.352367,32.562977,43.178112
L'Aquila,2017,32.14,35.92,1.24,39.382038,62.007214,50.971038,53.852328,32.647094,42.991002
L'Aquila,2018,32.25,36.3,1.22,41.561364,61.636471,51.820377,52.91525,34.440963000000004,43.474307
L'Aquila,2019,32.7,36.42,1.13,42.614118,60.951794,51.977677,52.075294,35.257417,43.487773
L'Aquila,2020,32.74,36.45,1.16,43.976744,61.450841,52.891806,52.045567,34.980675,43.339276
Teramo,2011,31.43,35.06,1.31,39.316008,62.947449,51.514246,56.726071,33.307289,44.637963
Teramo,2012,31.59,35.3,1.3,39.948614,62.296263,51.487653,54.512027,33.77095,43.802529
Teramo,2013,31.79,35.44,1.33,41.164608,62.280702,52.062206,53.129673,34.97843,43.762547
Teramo,2014,31.83,35.34,1.29,41.568982,62.351918,52.288122,52.980315,32.612571,42.475317
Teramo,2015,32.19,35.62,1.27,40.42615,61.85367,51.46927,53.543096,32.946943,42.928466
Teramo,2016,32.12,35.52,1.3,42.487023,62.194245,52.640221,51.559167,33.211511,42.106765
Teramo,2017,32.2,35.66,1.28,43.407593,60.130705,52.016588,52.139876,34.533743,43.075942
Teramo,2018,32.28,35.86,1.18,38.679484,57.842273,48.542165,56.439681,36.651728,46.255241
Teramo,2019,32.29,35.93,1.17,40.213643,58.670342,49.706177,54.857546,36.930992,45.637312
Teramo,2020,32.43,35.89,1.15,41.809484,59.550009,50.940858,53.969717,36.244715,44.846333
Pescara,2011,31.71,35.2,1.4,42.48837,61.284804,52.338762,52.279417,34.891952,43.167737
Pescara,2012,31.85,35.25,1.35,39.97417,57.626639,49.225747,54.48378,35.319642,44.439584
Pescara,2013,32.09,35.39,1.37,42.032205,61.609195,52.293684,52.125756,33.146122,42.177737
Pescara,2014,31.97,35.21,1.36,43.400752,62.969679,53.65815,50.054101,32.033686,40.608708
Pescara,2015,32.17,35.44,1.33,44.515724,66.250729,55.905149,48.683713,29.009232,38.374029
Pescara,2016,32.42,35.39,1.35,42.80118,62.994981,53.384893,49.829086,31.402048,40.171017
Pescara,2017,32.21,35.29,1.27,41.927413,62.300078,52.608686,51.917026,32.194622,41.576681
Pescara,2018,32.26,35.54,1.22,40.612535,62.782323,52.232125,54.142702,31.298031,42.169032
Pescara,2019,32.45,35.7,1.23,40.119291,59.475362,50.259711,53.554773,34.850276,43.755705
Pescara,2020,32.33,35.41,1.24,41.117106,62.013335,52.050779,54.700965,33.116384,43.407109
Chieti,2011,31.57,35.11,1.28,41.94346,65.087688,53.949366,54.013349,30.999141,42.07489
Chieti,2012,31.6,35.28,1.31,40.782299,67.232999,54.496629,53.690481,27.87414,40.305057
Chieti,2013,31.92,35.65,1.23,41.905834,64.811153,53.771718,51.114098,30.724687,40.551298
Chieti,2014,31.82,35.53,1.27,41.584092,62.775319,52.559644,51.461503,31.883192,41.321327
Chieti,2015,31.96,35.42,1.26,39.986034,61.359773,51.06015,54.624283,32.607775,43.217145
Chieti,2016,32.19,35.7,1.26,40.957395,61.043259,51.364232,54.146558,32.369493,42.863771
Chieti,2017,32.37,35.84,1.23,40.471735,60.913417,51.059358,55.103838,31.88193,43.076515
Chieti,2018,32.36,35.81,1.19,40.826031,62.325906,51.95124,55.415654,30.681155,42.616675
Chieti,2019,32.62,35.97,1.15,39.542514,62.610229,51.474495,54.270466,30.456313,41.952086
Chieti,2020,32.48,35.89,1.12,43.486775,64.780709,54.495165,52.310885,29.687238,40.61507
Isernia,2011,32.05,35.53,1.13,46.259641,66.838345,56.887289,50.409902,29.62963,39.676889
Isernia,2012,31.92,35.48,1.2,44.926169,63.934011,54.728971,52.212222,31.665908,41.614688
Isernia,2013,32.53,36.01,1.19,51.633075,65.870619,58.949977,41.008024,30.269269,35.489467
Isernia,2014,32.09,35.78,1.2,48.296824,66.281157,57.485132,41.864389,27.690019,34.624957
Isernia,2015,32.01,35.78,1.25,46.759643,64.93646,56.056861,45.233825,30.565854,37.731309
Isernia,2016,32.11,35.74,1.17,47.495033,65.365213,56.618922,47.763518,29.680342,38.532194
Isernia,2017,32.61,36.23,1.21,45.581207,65.345531,55.654143,46.501958,28.728851,37.4462
Isernia,2018,32.55,36.4,1.18,44.424092,62.998162,53.899313,47.789595,28.595432,37.998045
Isernia,2019,32.41,36.37,1.24,43.847093,61.536624,52.887641,49.65324,32.563694,40.917969
Isernia,2020,32.52,35.94,1.02,45.475113,61.08762,53.450326,49.209541,34.801691,41.850834
Campobasso,2011,31.85,35.6,1.22,46.512678,68.318972,57.804531,48.195416,27.87727,37.674164
Campobasso,2012,32.04,35.8,1.19,45.405485,67.938931,57.068036,47.821385,27.11881,37.106431
Campobasso,2013,32.08,35.68,1.17,45.798903,67.321704,56.921842,45.624445,27.040806,36.020029
Campobasso,2014,32.07,35.98,1.17,45.68767,66.822116,56.613584,46.910982,28.42094,37.352151
Campobasso,2015,32.42,35.91,1.16,45.495927,67.56807,56.879984,47.020895,27.413739,36.908635
Campobasso,2016,32.27,36.04,1.15,44.979823,64.990665,55.282714,47.799339,30.152304,38.713431
Campobasso,2017,32.5,36.27,1.2,44.89535,63.646157,54.546056,46.912894,31.504358,38.982396
Campobasso,2018,32.34,36.04,1.08,43.011966,65.323881,54.486848,50.89136,30.510365,40.410051
Campobasso,2019,32.7,36.27,1.12,42.732215,64.402958,53.891088,51.480366,30.46136,40.657106
Campobasso,2020,32.76,36.1,1.08,45.518987,67.736166,56.957712,49.697048,29.016937,39.050176
Caserta,2011,30.82,34.39,1.41,50.475861,76.362148,63.886301,43.326561,19.904956,31.192954
Caserta,2012,30.82,34.36,1.38,50.161588,73.853643,62.42535,43.413217,21.901595,32.277997
Caserta,2013,30.95,34.51,1.35,49.24687,71.689605,60.85552,41.753362,23.122445,32.116399
Caserta,2014,31.05,34.52,1.33,49.860497,72.3231,61.470047,40.263353,20.864225,30.237238
Caserta,2015,31.23,34.69,1.37,50.548152,74.806546,63.075653,41.07139,19.002183,29.674428
Caserta,2016,31.41,35.01,1.35,48.48141,72.652866,60.951498,41.552608,20.780121,30.836053
Caserta,2017,31.48,34.83,1.34,42.637302,70.900775,57.208449,44.896083,22.180892,33.185334
Caserta,2018,31.65,35.07,1.33,44.912459,70.143901,57.916398,44.501977,24.051844,33.962387
Caserta,2019,31.84,35.23,1.26,47.281597,70.52619,59.262549,44.480658,22.685378,33.246477
Caserta,2020,31.83,35.22,1.31,48.642523,74.409994,61.922229,43.086909,20.908124,31.656802
Benevento,2011,31.64,35.28,1.22,49.469537,71.979046,61.143749,45.303116,24.925358,34.733774
Benevento,2012,32.03,35.57,1.16,49.632913,70.976437,60.697434,44.090018,23.792931,33.567971
Benevento,2013,31.73,35.34,1.24,51.69313,75.505373,64.030702,40.729504,19.803416,29.887303
Benevento,2014,31.97,35.62,1.18,51.780162,77.060419,64.875079,40.969077,18.336413,29.245587
Benevento,2015,32.11,35.73,1.19,51.521051,74.467145,63.398282,42.026544,21.892404,31.604821
Benevento,2016,32.22,35.72,1.23,51.710817,71.285505,61.825201,41.591623,24.920176,32.977426
Benevento,2017,32.19,35.79,1.23,54.94884,70.382734,62.908408,39.045187,25.456907,32.037439
Benevento,2018,32.45,36.04,1.18,53.320951,72.357711,63.13147,41.326165,24.13072,32.464192
Benevento,2019,32.8,36.18,1.21,53.119785,70.52278,62.095995,43.019835,25.379932,33.921431
Benevento,2020,32.81,35.89,1.16,51.138768,75.958285,63.945884,43.803122,20.808929,31.938311
Napoli,2011,30.46,33.83,1.49,47.941403,77.53277,63.416746,43.995384,17.516141,30.147583
Napoli,2012,30.56,33.88,1.46,46.643109,73.846475,60.867589,42.118938,19.540655,30.312886
Napoli,2013,30.64,33.88,1.42,45.729301,71.734683,59.305493,41.077996,20.340405,30.251872
Napoli,2014,30.73,34.04,1.39,46.746456,71.761579,59.782844,41.59094,19.962608,30.319545
Napoli,2015,30.88,34.1,1.41,47.141028,73.217308,60.721231,42.25645,19.841918,30.583238
Napoli,2016,30.99,34.24,1.41,45.180801,72.232153,59.258912,43.605866,20.221903,31.436312
Napoli,2017,31.2,34.37,1.42,43.358752,71.159072,57.817895,44.484308,20.670856,32.09873
Napoli,2018,31.26,34.43,1.38,44.211453,71.371423,58.325465,43.817048,20.263733,31.577247
Napoli,2019,31.41,34.49,1.37,44.99775,71.43121,58.745653,43.172345,21.018101,31.65004
Napoli,2020,31.41,34.52,1.35,47.331988,73.278213,60.824918,42.399253,20.039958,30.77165
Avellino,2011,31.44,35.22,1.18,45.268214,70.928601,58.503568,48.767011,23.365928,35.665139
Avellino,2012,31.61,35.36,1.18,43.223853,68.045989,56.024175,49.871513,25.388161,37.245916
Avellino,2013,31.71,35.44,1.18,42.152925,66.905682,54.912272,51.832183,26.795343,38.926146
Avellino,2014,32,35.68,1.16,42.815682,67.378641,55.472921,49.025277,25.753732,37.033232
Avellino,2015,32.14,35.67,1.16,45.25981,66.70437,56.304107,47.215611,26.346713,36.467542
Avellino,2016,32.04,35.62,1.2,42.380674,65.557106,54.298592,49.901084,28.732595,39.015701
Avellino,2017,32.38,36.04,1.21,41.425909,63.929074,52.975731,51.412184,29.073053,39.946553
Avellino,2018,32.44,36.04,1.15,42.104674,62.771475,52.699419,50.31221,30.362073,40.084859
Avellino,2019,32.53,36.15,1.13,41.735742,62.573991,52.424431,50.75232,31.068833,40.65595
Avellino,2020,32.63,35.82,1.09,45.508914,61.389186,53.659486,47.269034,32.436592,39.65652
Salerno,2011,31.22,34.93,1.34,45.168367,70.17338,58.130548,48.564023,25.041506,36.37055
Salerno,2012,31.42,35.04,1.34,43.520525,67.40526,55.895874,47.992021,25.592748,36.386437
Salerno,2013,31.38,35.07,1.28,45.345998,68.211288,57.18423,46.036326,25.473265,35.389954
Salerno,2014,31.44,35.15,1.3,46.20208,68.940015,57.962579,44.647619,25.398652,34.691593
Salerno,2015,31.58,35.26,1.29,45.747365,68.364475,57.430549,45.677196,25.94027,35.481706
Salerno,2016,31.82,35.33,1.29,42.423321,66.845381,55.02061,48.412562,26.506857,37.113249
Salerno,2017,31.97,35.44,1.28,43.523778,67.430742,55.844358,48.243166,26.703816,37.142749
Salerno,2018,32.29,35.57,1.26,44.979344,67.689873,56.674981,47.288271,26.940848,36.809604
Salerno,2019,32.05,35.63,1.28,45.035564,69.099325,57.422808,45.84663,25.299173,35.26936
Salerno,2020,32.27,35.66,1.24,46.037344,69.621741,58.175919,47.251928,26.498862,36.570695
Foggia,2011,30.81,34.13,1.37,47.205456,76.948994,62.574412,45.974457,18.977724,32.024823
Foggia,2012,30.5,33.95,1.37,45.733672,74.155311,60.417956,44.997501,20.599437000000002,32.392032
Foggia,2013,30.52,34.1,1.37,47.685655,74.725508,61.650779,41.85655,19.319339,30.216881
Foggia,2014,30.67,34.1,1.37,47.91322,75.680781,62.245421,41.285347,17.752127,29.138545
Foggia,2015,30.79,34.27,1.37,47.808603,74.72763,61.694218,42.920456,19.022528,30.592867
Foggia,2016,30.77,34.29,1.34,46.633733,76.100243,61.820368,44.969614,19.149858,31.662466
Foggia,2017,31.13,34.62,1.29,46.02766,73.98394,60.420231,42.611986,17.502371,29.68478
Foggia,2018,30.99,34.48,1.28,47.365954,72.436792,60.252025,42.296093,20.320401,31.001042
Foggia,2019,31.21,34.54,1.27,45.837021,74.067524,60.332445,43.512711,19.952378,31.415417
Foggia,2020,31.34,34.58,1.27,45.941685,73.206428,59.925986,41.318184,19.57965,30.168357
Bari,2011,31.52,34.84,1.34,42.448438,69.262331,56.32325,51.750353,25.893503,38.370852
Bari,2012,31.54,35.05,1.3,40.228709,67.61879,54.398763,51.347651,26.136468,38.304823
Bari,2013,31.64,35.09,1.28,41.69733,68.30185,55.456797,47.772342,24.600731,35.788325
Bari,2014,31.64,34.97,1.3,42.928202,67.236787,55.500002,46.844362,24.727037,35.40592
Bari,2015,31.89,35.2,1.28,41.514934,68.208618,55.311946,47.77915,25.327406,36.174645
Bari,2016,32.11,35.41,1.29,41.079735,66.079194,53.992916,47.775939,26.295138,36.68028
Bari,2017,32.18,35.48,1.29,42.195616,66.251028,54.619201,49.336867,28.103864,38.370843
Bari,2018,32.26,35.5,1.28,43.374473,66.502732,55.317167,49.890844,28.529947,38.860759
Bari,2019,32.27,35.51,1.24,41.660807,65.968743,54.215544,52.337068,29.165049,40.36911
Bari,2020,32.54,35.64,1.18,42.891017,66.361361,55.011495,52.271385,29.343363,40.430972
Taranto,2011,31.06,34.5,1.34,47.282701,71.613557,59.928622,48.463019,23.722887,35.604378
Taranto,2012,31.04,34.61,1.34,44.27959,72.074501,58.728943,49.290814,23.510523,35.888774
Taranto,2013,30.97,34.44,1.29,48.291321,71.301574,60.251334,44.288731,23.699873,33.586912
Taranto,2014,31.15,34.6,1.34,49.300429,72.620564,61.421191,42.30554,21.418441,31.449531
Taranto,2015,31.19,34.61,1.25,48.043552,72.01176,60.507274,42.496844,22.403997,32.048185
Taranto,2016,31.76,35.01,1.26,47.958791,70.731866,59.800198,43.911528,24.013196,33.565085
Taranto,2017,31.42,34.85,1.25,46.505123,72.400528,59.965897,45.968534,21.578534,33.29029
Taranto,2018,31.79,35.15,1.18,47.186882,74.686451,61.482626,46.152023,19.057549,32.067068
Taranto,2019,31.66,35.02,1.18,47.511537,74.568093,61.589531,45.122145,20.867166,32.50186
Taranto,2020,31.73,34.92,1.15,47.586569,75.486929,62.098631,46.709033,21.535961,33.615539
Brindisi,2011,30.66,34.28,1.25,46.249236,70.917011,59.177458,47.114262,25.049438,35.550233
Brindisi,2012,30.82,34.45,1.22,46.823612,70.035122,58.990645,46.948152,25.291955,35.596385
Brindisi,2013,31.03,34.62,1.26,45.966916,72.881328,60.07717,45.215843,22.317375,33.211249
Brindisi,2014,31.07,34.68,1.22,45.455538,70.642753,58.659103,46.070163,22.583896,33.758552
Brindisi,2015,31.35,34.71,1.18,45.49858,69.661075,58.159123,45.957462,24.912594,34.930725
Brindisi,2016,31.45,34.71,1.18,45.135375,69.986342,58.151376,46.799285,23.683789,34.692548
Brindisi,2017,31.59,34.97,1.14,43.638929,69.363867,57.099071,46.658598,24.194997,34.905395
Brindisi,2018,31.68,35.32,1.15,46.244939,67.684464,57.445299,46.575543,27.107069,36.404635
Brindisi,2019,31.81,35.3,1.09,46.473388,68.045414,57.719628,47.872088,27.505554,37.254044
Brindisi,2020,31.78,35.15,1.14,47.70022,71.034584,59.865712,46.457874,25.29513,35.42483
Lecce,2011,31.75,35.32,1.2,47.226447,70.673665,59.61268,46.034909,23.416411,34.086455
Lecce,2012,31.78,35.5,1.24,45.312198,69.400288,58.035295,45.65157,24.191834,34.316887
Lecce,2013,31.8,35.62,1.21,47.394208,68.811182,58.705281,43.175855,22.370815,32.187966
Lecce,2014,31.95,35.57,1.19,45.975392,68.54315,57.89071,41.263953,22.258619,31.229402
Lecce,2015,32.12,35.64,1.16,45.982506,70.120063,58.720122,42.755105,22.71391,32.179293
Lecce,2016,32.14,35.65,1.17,46.193602,67.646435,57.49952,42.993951,23.445975,32.691917
Lecce,2017,32.32,35.78,1.16,48.076818,68.494046,58.825587,41.526681,23.3892,31.978105
Lecce,2018,32.28,35.9,1.17,48.313133,69.999154,59.719973,42.632282,24.495049,33.092104
Lecce,2019,32.37,35.97,1.14,48.381745,72.002445,60.788693,43.726871,22.088528,32.361039
Lecce,2020,32.53,35.8,1.12,50.161159,71.850956,61.552754,43.109393,22.367607,32.215698
Potenza,2011,32.08,36.09,1.17,46.931331,69.805051,58.73127,47.572235,26.682563,36.795535
Potenza,2012,32.15,35.99,1.22,46.574593,69.393126,58.337754,46.255584,26.908383,36.282185
Potenza,2013,32.3,36.03,1.1,48.09903,68.880893,58.803054,45.036863,26.557701,35.519149
Potenza,2014,32.49,36.3,1.13,45.242193,68.66041,57.296857,47.721905,26.733177,36.917835
Potenza,2015,32.25,35.88,1.18,43.667718,67.660019,56.014241,49.786878,27.14715,38.136088
Potenza,2016,32.62,36.35,1.14,44.392753,66.228868,55.617621,48.863149,28.444752,38.36706
Potenza,2017,32.78,36.4,1.2,45.536964,67.360594,56.739832,48.505141,27.580905,37.763965
Potenza,2018,32.68,36.27,1.11,44.682954,67.683413,56.494195,48.742084,27.738509,37.956281
Potenza,2019,32.84,36.45,1.14,45.318186,69.63829,57.808718,49.426507,26.379247,37.590303
Potenza,2020,33.07,36.21,1.13,46.474484,69.559288,58.324451,49.762201,26.990699,38.073059
Matera,2011,31.68,35.61,1.24,42.944383,70.031816,56.864473,49.838385,25.200262,37.176982
Matera,2012,31.9,35.93,1.21,42.959322,67.676688,55.66238,47.597172,26.291323,36.647404
Matera,2013,32.12,36.11,1.18,43.973212,68.192238,56.406071,45.016298,27.091714,35.814697
Matera,2014,31.98,35.93,1.2,45.197346,69.187201,57.510305,46.110447,25.013178,35.281622
Matera,2015,32.21,36.09,1.18,44.180755,69.160555,56.983333,47.979298,26.165646,36.798851
Matera,2016,32.21,36.13,1.24,44.53729,66.065116,55.563604,49.009994,29.001268,38.760693
Matera,2017,32.62,36.59,1.2,43.664404,68.365635,56.318033,49.247818,27.294226,38.002227
Matera,2018,32.33,36.08,1.2,45.430181,69.035092,57.52195,48.887044,26.422636,37.378394
Matera,2019,32.63,36.52,1.17,43.702874,65.549968,54.902291,51.067885,30.165579,40.353332
Matera,2020,32.96,36.15,1.14,45.839982,68.578494,57.502119,49.541108,28.737807,38.872038
Cosenza,2011,31.54,35.43,1.23,50.815885,72.319101,61.912444,43.935449,23.610234,33.446801
Cosenza,2012,31.61,35.64,1.2,47.970754,69.526816,59.086909,42.90421,22.888486,32.582095
Cosenza,2013,31.61,35.55,1.24,49.48843,72.504986,61.350335,39.17704,20.655122,29.631512
Cosenza,2014,31.76,35.55,1.23,49.038544,68.231239,58.928655,38.024875,21.77303,29.650202
Cosenza,2015,31.68,35.53,1.27,48.421566,69.394202,59.226474,41.062507,22.677609,31.590798
Cosenza,2016,31.9,35.73,1.27,46.56717,70.856475,59.074427,42.161323,20.907066,31.217053
Cosenza,2017,32.03,35.69,1.25,47.746676,69.992609,59.191605,42.195341,22.703043,32.167219
Cosenza,2018,32.1,35.83,1.23,45.89351,66.772856,56.629188,43.303771,23.611352,33.178081
Cosenza,2019,32.03,35.9,1.21,43.886896,69.020228,56.811076,44.591951,23.849346,33.925294
Cosenza,2020,32.23,35.89,1.2,44.079756,70.729126,57.790573,44.496237,21.76477,32.801274
Crotone,2011,30.14,34.17,1.38,49.265734,74.791425,62.446066,41.375434,21.535222,31.131372
Crotone,2012,30.13,34.14,1.44,47.576547,71.340329,59.845557,39.084745,20.326113,29.399845
Crotone,2013,30.32,34.26,1.41,45.698532,73.616924,60.114013,40.431078,19.11891,29.425985
Crotone,2014,30.5,34.52,1.37,43.109335,70.909939,57.432033,42.072229,20.54663,30.982375
Crotone,2015,30.48,34.43,1.41,42.451117000000004,71.648419,57.444667,38.767121,20.076813,29.169178
Crotone,2016,30.43,34.33,1.41,42.888982,69.959546,56.711137,42.508706,20.03231,31.03232
Crotone,2017,30.55,34.68,1.4,41.163547,69.399083,55.466876,44.688242,18.920943,31.635253
Crotone,2018,30.94,34.92,1.41,42.348864,71.288139,56.819571,43.936443,18.570047,31.252308
Crotone,2019,30.85,34.74,1.39,44.241417,73.481989,58.874129,39.983254,18.569349,29.266713
Crotone,2020,31.02,34.65,1.37,51.816132,75.048183,63.577583,35.422233,16.196151,25.688842
Catanzaro,2011,31.36,35.23,1.28,45.444986,69.386794,57.878335,48.698663,27.00972,37.43497
Catanzaro,2012,31.31,35.32,1.32,41.753999,65.953163,54.308572,48.311792,26.083266,36.780191
Catanzaro,2013,31.3,35.29,1.26,44.003054,68.242997,56.560375,44.1312,25.063158,34.252892
Catanzaro,2014,31.52,35.4,1.31,44.595488,68.648336,57.047874,46.277376,22.92485,34.187863
Catanzaro,2015,31.76,35.62,1.3,47.295798,70.943838,59.534374,40.919534,22.525312,31.399968
Catanzaro,2016,31.78,35.71,1.35,47.54303,69.20731,58.751415,43.788225,23.71787,33.404204
Catanzaro,2017,31.69,35.62,1.3,47.164264,68.393242,58.151207,44.380508,23.782539,33.720429
Catanzaro,2018,31.96,35.61,1.24,45.455453,66.50734,56.352306,44.011894,26.371324,34.880803
Catanzaro,2019,32.17,35.83,1.22,42.159614,65.442506,54.216755,46.364592,26.963749,36.317786
Catanzaro,2020,32.08,35.79,1.23,44.521657,67.210748,56.274593,45.738092,26.31427,35.676563
Vibo Valentia,2011,31.22,35.32,1.28,51.513546,72.17985,62.096224,42.979707,23.356139,32.929587
Vibo Valentia,2012,31.18,35.34,1.36,52.863138,73.166793,63.256402,39.26673,21.612323,30.230937
Vibo Valentia,2013,31.32,35.29,1.24,53.267551,70.285546,61.97812,37.42537,22.219573,29.642365
Vibo Valentia,2014,31.31,35.42,1.32,54.505582,71.392164,63.145753,36.242684,23.435181,29.690153
Vibo Valentia,2015,31.4,35.46,1.27,54.143622,77.744886,66.207698,36.652241,18.875389,27.564668
Vibo Valentia,2016,31.68,35.55,1.27,51.468259,70.556816,61.203309,38.022178,23.061854,30.391783
Vibo Valentia,2017,31.01,35.22,1.27,48.562018,68.444753,58.690336,42.073458,26.015662,33.894295
Vibo Valentia,2018,31.54,35.46,1.29,50.917706,70.280228,60.854235,42.517394,24.605974,33.325547
Vibo Valentia,2019,32.08,35.9,1.25,50.591747,73.145396,62.057544,41.407485,21.442247,31.257582
Vibo Valentia,2020,31.76,35.54,1.3,56.678241,73.395832,65.191812,36.637531,19.782217,28.053823
Reggio di Calabria,2011,30.91,35.31,1.34,52.919866,73.04919,63.381884,40.642078,23.802996,31.890131
Reggio di Calabria,2012,31.11,35.37,1.34,51.549664,71.107616,61.706836,39.737257,25.208367,32.191864
Reggio di Calabria,2013,31.2,35.37,1.36,51.684655,71.672491,62.055799,39.031669,21.960179,30.173917
Reggio di Calabria,2014,31.3,35.36,1.35,50.906312,73.436382,62.589765,39.940857,21.19623,30.220427
Reggio di Calabria,2015,31.36,35.41,1.36,50.915899,73.278066,62.514164,38.07369,20.973928,29.204752
Reggio di Calabria,2016,31.6,35.67,1.3,53.754445,69.870243,62.111228,35.590777,22.504533,28.804957
Reggio di Calabria,2017,31.66,35.55,1.35,52.703733,71.304914,62.343751,36.484403,22.613493,29.296047
Reggio di Calabria,2018,31.69,35.68,1.34,50.36788,71.84924,61.493722,40.017581,22.396406,30.891046
Reggio di Calabria,2019,31.86,35.87,1.31,50.237643,73.537798,62.300956,40.730156,21.112487,30.573396
Reggio di Calabria,2020,31.96,35.72,1.3,52.203545,75.014429,64.013208,40.519651,21.111965,30.471711
Trapani,2011,31.1,35.03,1.31,48.590826,75.023587,62.335271,45.834246,20.833463,32.834397
Trapani,2012,30.84,34.79,1.31,46.575526,72.973769,60.290607,45.62537,20.504975,32.574189
Trapani,2013,30.98,34.76,1.29,47.273061,73.852922,61.065784,41.735638,19.448948,30.170494
Trapani,2014,31.17,35.05,1.31,49.830652,74.828503,62.785385,40.668066,19.20097,29.54309
Trapani,2015,31.29,35.11,1.31,48.42267,73.13091,61.189859,43.401858,21.951371,32.318008
Trapani,2016,31.22,35.15,1.33,49.176791,73.042928,61.497783,40.658678,20.64872,30.328455
Trapani,2017,31.49,35.48,1.32,47.950742,71.501379,60.116694,40.433281,20.556101,30.164762
Trapani,2018,31.6,35.41,1.35,47.690144,74.99179,61.779177,39.843694,19.22686,29.204159
Trapani,2019,31.52,35.54,1.32,51.339837,73.067265,62.536561,40.300782,21.850445,30.793016
Trapani,2020,31.67,35.31,1.33,49.977732,71.967733,61.296571,41.836462,22.712482,31.992565
Palermo,2011,30.44,34.09,1.47,47.975854,73.810526,61.492576,45.093035,21.006844,32.49112
Palermo,2012,30.58,34.19,1.49,47.179666,72.545218,60.437145,42.881655,22.048718,31.993255
Palermo,2013,30.7,34.28,1.45,49.331577,74.37874,62.404425,41.042154,19.687674,29.896705
Palermo,2014,30.75,34.3,1.47,48.986236,73.962403,62.006849,39.899059,19.349033,29.185965
Palermo,2015,30.94,34.57,1.45,47.005927,73.001957,60.553822,40.792775,20.129443,30.024029
Palermo,2016,30.94,34.43,1.4,47.850897,72.204672,60.548985,39.855162,20.063537,29.535785
Palermo,2017,31.11,34.57,1.42,49.43247,72.572633,61.496024,40.343644,21.057924,30.28951
Palermo,2018,31.13,34.66,1.43,50.037558,72.009536,61.497057,40.765411,21.844242,30.897142
Palermo,2019,31.38,34.75,1.41,50.272449,72.11194,61.667308,40.662749,22.197313,31.028397
Palermo,2020,31.36,34.62,1.4,53.133081,73.562472,63.797953,39.931296,22.151486,30.649518
Messina,2011,30.99,34.91,1.26,49.311893,70.515127,60.413618,45.57571,24.850046,34.724372
Messina,2012,31.08,35.1,1.28,47.418156,69.425428,58.931995,44.457027,25.017681,34.286837
Messina,2013,31.25,35.2,1.24,47.745318,69.458065,59.101259,41.482807,23.411367,32.031299
Messina,2014,31.29,35.27,1.27,48.405788,69.234538,59.296272,41.184761,23.086346,31.72201
Messina,2015,31.44,35.2,1.23,47.225571,67.926933,58.047659,41.847798,24.024469,32.530265
Messina,2016,31.64,35.21,1.2,48.159807,68.678646,58.879787,41.195054,23.408081,31.902325
Messina,2017,31.7,35.3,1.26,46.355609,67.126177,57.201275,41.325515,23.792187,32.170042
Messina,2018,31.81,35.6,1.24,48.616468,66.496885,57.94953,39.699785,23.685879,31.341139
Messina,2019,31.93,35.41,1.19,49.390018,68.713567,59.470903,39.229766,21.567864,30.01559
Messina,2020,31.9,35.22,1.19,47.957741,68.693446,58.772431,40.391081,23.095323,31.370493
Agrigento,2011,30.94,34.8,1.37,42.9118,75.561168,59.924924,47.392418,19.828757,33.029603
Agrigento,2012,30.73,34.57,1.35,43.934839,74.366121,59.780301,45.282895,20.513632,32.385627
Agrigento,2013,31.09,34.78,1.27,46.361107,73.567265,60.518499,43.469198,19.889053,31.198656
Agrigento,2014,30.99,35.06,1.33,47.098738,72.427712,60.272133,39.673492,20.296449,29.595648
Agrigento,2015,31.14,34.97,1.27,45.169256,75.91613,61.148536,40.057236,18.153835,28.674135
Agrigento,2016,31.48,35.3,1.26,44.505368,75.133737,60.417636,41.509888,19.308261,29.975732
Agrigento,2017,31.4,35.12,1.3,45.853836,73.46999,60.208017,41.120945,20.973409,30.649028
Agrigento,2018,31.6,35.25,1.29,43.030015,72.894657,58.550755,43.363817,17.657712,30.004547
Agrigento,2019,31.54,35.35,1.24,44.752107,72.657509,59.251722,42.941203,20.233052,31.142074
Agrigento,2020,31.68,35.17,1.26,48.095305,73.588625,61.336448,41.871899,19.605443,30.306778
Caltanissetta,2011,30.89,34.48,1.35,46.112718,75.505854,61.513287,44.489607,20.608429,31.977386
Caltanissetta,2012,30.23,33.93,1.45,46.659055,75.443692,61.725191,41.958897,18.98778,29.93561
Caltanissetta,2013,30.64,34.2,1.31,48.337055,78.235804,63.970966,39.390871,16.777599,27.565847
Caltanissetta,2014,30.62,34.2,1.37,46.98085,76.018462,62.1242,39.797883,18.310848,28.59222
Caltanissetta,2015,30.89,34.66,1.36,48.780093,77.787345,63.874743,39.965864,17.157098,28.096321
Caltanissetta,2016,30.85,34.25,1.34,44.496625,75.129538,60.446052,42.874206,20.488662,31.218446
Caltanissetta,2017,30.74,34.52,1.26,48.262032,77.376354,63.415464,42.789843,18.425176,30.108587
Caltanissetta,2018,31.02,34.44,1.28,48.194465,76.636729,63.018478,43.51845,18.475875,30.466344
Caltanissetta,2019,31.37,34.85,1.19,50.018673,76.99045,64.128412,41.925605,17.837019,29.324102
Caltanissetta,2020,31,34.4,1.23,50.388475,80.136682,65.933531,44.164451,15.738919,29.310992
Enna,2011,30.56,34.39,1.32,50.105275,73.153967,62.188309,43.497675,22.457616,32.467646
Enna,2012,31.04,34.71,1.21,46.674668,73.610754,60.776689,42.110986,20.450573,30.771508
Enna,2013,31.09,34.89,1.17,47.80139,74.701311,61.868685,39.877353,18.577376,28.738011
Enna,2014,31.08,34.84,1.2,48.06453,73.048967,61.124256,39.743354,19.563362,29.195511
Enna,2015,31.3,34.93,1.24,47.587265,73.789615,61.264637,40.880173,20.830462,30.413739
Enna,2016,31.05,34.69,1.2,47.493076,73.514165,61.067102,42.686235,20.741478,31.237964
Enna,2017,31.36,35.08,1.24,44.13399,71.320128,58.309168,42.962367,20.742234,31.377211
Enna,2018,31.49,35.29,1.21,47.062818,74.004924,61.087136,42.585529,19.402489,30.517938
Enna,2019,32.02,35.67,1.15,47.084725,72.935965,60.544047,41.188563,19.953014,30.132936
Enna,2020,31.69,35.18,1.12,47.297517,74.726735,61.605393,45.018707,20.233801,32.089473
Catania,2011,30.34,33.72,1.51,48.753973,74.61839,62.258631,45.305351,21.853195,33.060214
Catania,2012,30.36,33.78,1.45,48.013009,73.16765,61.135984,44.187027,21.774998,32.494851
Catania,2013,30.66,33.91,1.46,48.181338,73.412882,61.322007,42.166366,20.971313,31.127808
Catania,2014,30.47,34.04,1.51,48.504724,73.72523,61.618276,41.493837,21.310047,30.999155
Catania,2015,30.6,34.21,1.48,49.655627,74.554533,62.599185,42.268684,21.231888,31.332822
Catania,2016,30.58,34.15,1.43,48.513952,72.967436,61.220589,42.472106,21.545535,31.598141
Catania,2017,30.75,34.08,1.46,48.030076,72.241895,60.609125,42.571856,22.174427,31.974541
Catania,2018,30.85,34.19,1.46,48.354012,72.507518,60.898398,41.862897,22.302342,31.704016
Catania,2019,31.06,34.28,1.4,50.433123,71.795749,61.519848,41.802701,23.453238,32.27974
Catania,2020,31.08,34.21,1.39,51.609184,73.742708,63.106773,41.067007,21.922219,31.121961
Ragusa,2011,30.56,34.4,1.44,40.736715,67.134747,54.301177,51.650041,28.797949,39.907689
Ragusa,2012,30.53,34.34,1.45,38.046853,66.656455,52.72581,52.209703,25.843746,38.681911
Ragusa,2013,30.56,34.53,1.38,40.769513,68.193088,54.819591,48.078891,25.121244,36.317174
Ragusa,2014,30.91,34.79,1.39,43.244065,67.694483,55.756944,47.213272,25.38824,36.043975
Ragusa,2015,30.88,34.78,1.38,40.437299,68.0874,54.561616,49.23314,24.458995,36.577929
Ragusa,2016,31.02,34.94,1.39,41.628397,65.832581,53.948859,47.820289,26.818888,37.129794
Ragusa,2017,30.92,34.93,1.46,41.010403,62.864471,52.117694,48.098419,29.954538,38.87652
Ragusa,2018,31.1,34.9,1.4,41.444129,63.742846,52.775857,48.709404,28.371909,38.374326
Ragusa,2019,31.19,35.03,1.37,39.51275,64.993018,52.465014,51.758727,27.993781,39.678405
Ragusa,2020,31.28,35.09,1.38,39.902915,63.737631,52.008708,52.984925,29.696669,41.156682000000004
Siracusa,2011,30.19,33.73,1.38,45.122683,71.84512,58.839709,48.295985,21.939497,34.767091
Siracusa,2012,30.24,33.92,1.37,48.36963,72.548898,60.773888,42.204588,20.844641,31.246931
Siracusa,2013,30.61,34.24,1.35,45.825665,73.550361,60.04938,42.435613,20.714761,31.291848
Siracusa,2014,30.48,34.29,1.39,45.973893,70.648641,58.634234,42.003289,20.331784,30.883641
Siracusa,2015,30.53,34.31,1.34,44.767153,67.907917,56.630072,41.526247,23.359769,32.213354
Siracusa,2016,30.59,34.37,1.35,44.387174,69.87004,57.445793,43.626183,21.571703,32.324483
Siracusa,2017,30.58,34.32,1.33,45.050347,70.75181,58.223495,44.467825,21.291402,32.588873
Siracusa,2018,30.7,34.42,1.35,43.367128,65.432694,54.679517,46.605439,24.49049,35.267995
Siracusa,2019,30.97,34.47,1.31,44.009108,65.145325,54.836434,44.355133,24.658594,34.265302
Siracusa,2020,30.67,34.2,1.31,47.5551,70.009421,59.061492,42.454081,20.695995,31.304747
Sassari,2011,31.83,35.55,1.24,44.158358,62.5041,53.627791,48.472274,32.039309,39.989841
Sassari,2012,31.7,35.74,1.22,42.873508,59.639318,51.522813,48.322257,33.637796,40.746698
Sassari,2013,31.77,35.97,1.16,46.618426,60.844258,53.957002,44.349882,32.658689,38.318548
Sassari,2014,32.07,35.98,1.16,43.749736,63.665801,54.018738,44.926903,29.136757,36.785283
Sassari,2015,32.07,35.78,1.15,42.617778,61.805137,52.509426,47.902918,31.737827,39.569052
Sassari,2016,32.01,35.68,1.14,45.92514,61.4695,53.930351,41.744822,30.542074,35.975504
Sassari,2017,32.2,36.06,1.15,43.455837,61.751415,52.813043,47.188316,31.611048,39.221185
Sassari,2018,32.25,35.91,1.09,41.568203,60.007983,50.995925,50.010914,34.15673,41.904932
Sassari,2019,32.35,36.11,1.06,41.872113,57.314555,49.766915,50.897982,36.413233,43.493
Sassari,2020,32.48,35.76,0.99,44.812643,63.372455,54.300095,47.43887,30.499857,38.779942
Nuoro,2011,32.44,36.32,1.3,44.908593,64.363784,54.896707,50.717193,31.767991,40.98957
Nuoro,2012,32.4,36.57,1.22,44.084043,61.946031,53.252643,49.910971,33.408368,41.440147
Nuoro,2013,32.55,36.61,1.21,47.516497,65.96689,56.987972,47.614589,30.205002,38.67741
Nuoro,2014,32.68,36.41,1.18,49.670509,61.705039,55.847598,45.777612,32.500988,38.96371
Nuoro,2015,32.63,36.72,1.15,49.96498,62.183448,56.23499,42.475225,32.488724,37.351172
Nuoro,2016,32.9,36.86,1.13,46.035427,62.988424,54.732708,47.073696,32.32867,39.509789
Nuoro,2017,32.75,36.63,1.17,48.835797,66.085658,57.671824,43.756141,30.19701,36.810645
Nuoro,2018,32.72,36.75,1.13,49.819117,64.659558,57.420528,42.894353,31.447407,37.031246
Nuoro,2019,33.24,37.16,1.08,49.030058,64.849973,57.135354,45.256875,31.113721,38.010176
Nuoro,2020,32.83,36.44,1.03,53.478702,65.101456,59.432318,42.05995,31.80711,36.807506
Cagliari,2011,32.4,36.06,1.13,42.200961,60.60159,51.717575,50.155686,34.215437,41.911583
Cagliari,2012,32.3,35.96,1.18,39.851568,59.986319,50.265139,50.168072,34.436185,42.031636
Cagliari,2013,32.3,36.04,1.08,41.17652,62.80388,52.357324,47.457232,31.4879,39.201692
Cagliari,2014,32.69,36.04,1.11,42.314713,60.766581,51.8504,46.723992,32.76952,39.512495
Cagliari,2015,32.22,35.75,1.14,41.631104,58.337769,50.260504,48.387138,33.95321,40.931458
Cagliari,2016,32.54,36.09,1.09,40.902582,60.821541,51.178477,50.989128,33.254521,41.840108
Cagliari,2017,32.59,35.96,1.05,39.041668,58.871552,49.341341,51.284085,34.938368,42.793881
Cagliari,2018,32.47,35.78,0.98,41.11144,58.326567,50.056955,48.73695,35.446648,41.830896
Cagliari,2019,32.76,36.27,0.97,43.214176,53.99925,48.819014,47.341721,39.158074,43.089005
Cagliari,2020,33.09,36.17,0.92,43.048594,55.673414,49.609131,49.362482,38.730058,43.837302
Oristano,2011,32.59,36.68,1.05,43.971012,62.60576,53.498064,48.319144,30.870425,39.397836
Oristano,2012,32.81,36.94,0.94,44.753823,62.646995,53.905846,47.117462,29.43009,38.070702
Oristano,2013,32.94,36.94,1.04,46.375398,65.619933,56.21554,44.829975,27.569992,36.00398
Oristano,2014,32.8,36.38,1.01,44.728566,61.166272,53.132336,45.693319,29.955977,37.648273
Oristano,2015,32.31,36.1,1.01,45.338616,59.765896,52.709479,44.399949,31.835175,37.980636
Oristano,2016,32.83,36.59,1.01,44.515101,60.616911,52.727514,44.466732,31.606784,37.907768
Oristano,2017,32.57,36.38,1.07,50.022957,64.646576,57.484294,41.103969,29.072778,34.965354
Oristano,2018,32.61,36.38,0.97,46.394165,63.213791,54.981054,45.917527,32.463307,39.047478
Oristano,2019,32.98,37.42,0.92,45.887086,63.421361,54.853024,45.373974,29.909744,37.4659
Oristano,2020,33.4,36.5,0.89,47.526844,62.761271,55.314145,45.025817,31.150577,37.933285
Monza e della Brianza,2011,31.9,35.48,1.49,35.691013,54.370245,45.327848,61.375729,42.676868,51.728767
Monza e della Brianza,2012,31.93,35.51,1.51,36.425193,51.704034,44.307442,58.583282,44.776937,51.460684
Monza e della Brianza,2013,31.94,35.42,1.45,35.49076,48.627988,42.256814,59.786492,46.579958,52.984744
Monza e della Brianza,2014,32.04,35.43,1.47,35.661782,50.722118,43.410743,60.334852,44.886165,52.386074
Monza e della Brianza,2015,32.24,35.6,1.47,35.830007,52.56249,44.440917,59.155961,42.670294,50.672202
Monza e della Brianza,2016,32.31,35.59,1.43,38.023494,52.955857,45.703601,57.672428,43.286471,50.273217
Monza e della Brianza,2017,32.46,35.79,1.42,38.122603,50.964159,44.725258,57.991322,45.044366,51.334604
Monza e della Brianza,2018,32.43,35.65,1.38,36.758661,52.934767,45.073287,59.84799,43.817934,51.608698
Monza e della Brianza,2019,32.49,35.95,1.35,35.995972,51.764862,44.099299,60.594628,43.89326,52.01225
Monza e della Brianza,2020,32.57,35.93,1.3,39.424763,52.118913,45.950211,58.151922,44.995275,51.388599
Fermo,2011,31.73,36,1.37,38.521607,57.934743,48.54963,57.893093,38.122355,47.680984
Fermo,2012,31.52,35.72,1.34,40.284192,55.719962,48.298696,55.247204,39.168716,46.898354
Fermo,2013,31.58,35.94,1.36,41.503894,56.251182,49.154205,54.41966,39.361957,46.608318
Fermo,2014,32.07,36.25,1.26,40.665021,56.229219,48.735566,54.653245,38.307305,46.176655
Fermo,2015,31.71,36,1.32,38.406465,58.345388,48.750057,57.057819,37.328771,46.823103
Fermo,2016,31.98,35.98,1.31,39.934186,55.659319000000004,48.095338,56.462382,40.360694,48.105803
Fermo,2017,32.11,36.17,1.23,40.129256,56.076055,48.401152,55.13955,39.694869,47.128767
Fermo,2018,32.45,36.51,1.21,37.861299,54.896131,46.677187000000004,59.6217,41.532304,50.260709
Fermo,2019,32.22,36.18,1.13,38.990312,52.718923,46.085638,58.324464,43.768097,50.801991
Fermo,2020,32.63,36.69,1.18,42.462891,57.697427,50.327363,55.520203,39.491873,47.246649
Barletta-Andria-Trani,2011,31.21,34.56,1.35,42.657356,78.188269,60.789426,50.846401,18.205858,34.189339
Barletta-Andria-Trani,2012,31.15,34.61,1.3,46.90753,78.439727,62.989699,47.668706,18.198613,32.637392
Barletta-Andria-Trani,2013,31.42,34.43,1.28,46.322029,74.526579,60.694299,43.589205,18.050986,30.575884
Barletta-Andria-Trani,2014,31.49,34.71,1.35,42.148536,72.256583,57.485955,46.80678,20.694936,33.504774
Barletta-Andria-Trani,2015,31.64,34.88,1.25,43.216848,74.590304,59.201315,46.416755,18.853384,32.373743
Barletta-Andria-Trani,2016,31.8,34.91,1.33,44.206319,74.6919,59.73792,47.229109,18.919779,32.806251
Barletta-Andria-Trani,2017,31.82,35.09,1.31,45.726624,72.622419,59.430846,45.939482,21.605327,33.540231
Barletta-Andria-Trani,2018,31.96,35.17,1.29,46.478675,72.026655,59.496393,47.123252,22.817231,34.738073
Barletta-Andria-Trani,2019,32.09,35.2,1.26,46.497049,73.013733,60.008879,47.245038,21.901471,34.331282
Barletta-Andria-Trani,2020,32.14,35.09,1.24,47.841115,74.204681,61.273742,46.718544,21.07346,33.652294
