,0,1,2
0,1.0,4.0,2.0
1,2.0,4.0,3.0
2,1.0,4.0,1.0
3,3.0,4.0,6.0
4,3.0,6.0,1.0
5,3.0,2.0,1.0
6,3.0,2.0,10.0
7,3.0,2.0,1.0
8,1.0,2.0,1.0
9,1.0,2.0,4.0
10,3.0,2.0,1.0
11,2.0,6.0,4.0
12,3.0,4.0,3.0
13,1.0,4.0,8.0
14,5.0,4.0,6.0
15,1.0,4.0,5.0
16,1.0,1.0,2.0
17,1.0,1.0,1.0
18,1.0,1.0,1.0
19,1.0,1.0,1.0
20,1.0,1.0,1.0
21,1.0,5.0,5.0
22,1.0,5.0,5.0
23,1.0,5.0,5.0
24,1.0,5.0,5.0
25,1.0,4.0,5.0
26,1.0,2.0,2.0
27,1.0,8.0,2.0
28,1.0,2.0,2.0
29,1.0,2.0,2.0
30,1.0,2.0,2.0
31,1.0,2.0,2.0
32,1.0,2.0,2.0
33,1.0,2.0,2.0
34,1.0,2.0,2.0
35,1.0,2.0,2.0
36,1.0,2.0,2.0
37,1.0,2.0,2.0
38,6.0,2.0,2.0
39,6.0,2.0,2.0
40,6.0,2.0,2.0
41,6.0,2.0,2.0
42,2.0,5.0,1.0
43,2.0,5.0,1.0
44,2.0,10.0,4.0
45,2.0,6.0,4.0
46,3.0,2.0,8.0
47,6.0,2.0,1.0
48,2.0,3.0,1.0
49,2.0,3.0,1.0
50,2.0,1.0,1.0
51,2.0,3.0,7.0
52,2.0,1.0,1.0
53,3.0,1.0,1.0
54,3.0,1.0,1.0
55,2.0,1.0,1.0
56,3.0,1.0,1.0
57,3.0,8.0,1.0
58,3.0,8.0,1.0
59,3.0,8.0,5.0
60,1.0,7.0,6.0
61,1.0,4.0,6.0
62,1.0,3.0,6.0
63,1.0,3.0,6.0
64,1.0,7.0,6.0
65,1.0,7.0,2.0
66,1.0,7.0,2.0
67,1.0,7.0,2.0
68,2.0,7.0,1.0
69,2.0,7.0,1.0
70,2.0,1.0,4.0
71,4.0,5.0,2.0
72,2.0,4.0,1.0
73,2.0,1.0,1.0
74,2.0,1.0,1.0
75,6.0,1.0,1.0
76,8.0,1.0,1.0
77,2.0,1.0,1.0
78,6.0,1.0,1.0
79,3.0,4.0,3.0
80,3.0,4.0,2.0
81,3.0,1.0,3.0
82,2.0,1.0,2.0
83,2.0,1.0,2.0
84,2.0,1.0,2.0
85,2.0,4.0,2.0
86,2.0,4.0,7.0
87,2.0,4.0,2.0
88,2.0,1.0,2.0
89,3.0,1.0,2.0
90,3.0,1.0,2.0
91,3.0,1.0,2.0
92,4.0,1.0,2.0
93,4.0,7.0,1.0
94,3.0,4.0,2.0
95,1.0,2.0,1.0
96,1.0,1.0,1.0
97,2.0,1.0,1.0
98,6.0,1.0,1.0
99,3.0,1.0,1.0
100,3.0,1.0,1.0
101,3.0,1.0,1.0
102,4.0,1.0,1.0
103,4.0,2.0,2.0
104,4.0,4.0,2.0
105,2.0,2.0,2.0
106,2.0,1.0,6.0
107,2.0,6.0,2.0
108,2.0,6.0,2.0
109,2.0,6.0,2.0
110,8.0,4.0,2.0
111,10.0,5.0,2.0
112,1.0,4.0,6.0
113,1.0,4.0,2.0
114,1.0,4.0,7.0
115,1.0,6.0,1.0
116,1.0,2.0,1.0
117,1.0,2.0,1.0
118,1.0,1.0,1.0
119,1.0,2.0,1.0
120,1.0,2.0,1.0
121,1.0,2.0,1.0
122,1.0,2.0,1.0
123,1.0,2.0,1.0
124,1.0,2.0,1.0
125,1.0,2.0,1.0
126,1.0,2.0,1.0
127,1.0,2.0,5.0
128,1.0,2.0,1.0
129,1.0,2.0,1.0
130,1.0,2.0,1.0
131,1.0,2.0,1.0
132,1.0,1.0,1.0
133,1.0,1.0,1.0
134,1.0,1.0,1.0
135,1.0,1.0,1.0
136,1.0,2.0,2.0
137,2.0,1.0,1.0
138,1.0,1.0,1.0
139,1.0,1.0,1.0
140,4.0,1.0,1.0
141,4.0,1.0,1.0
142,4.0,1.0,1.0
143,4.0,1.0,1.0
144,2.0,1.0,1.0
145,2.0,1.0,1.0
146,2.0,1.0,1.0
147,3.0,1.0,1.0
148,3.0,1.0,1.0
149,3.0,1.0,1.0
150,3.0,1.0,1.0
151,3.0,1.0,1.0
152,2.0,1.0,1.0
153,2.0,1.0,9.0
154,2.0,1.0,4.0
155,2.0,1.0,8.0
156,2.0,1.0,1.0
157,2.0,1.0,1.0
158,2.0,1.0,1.0
159,2.0,1.0,1.0
160,2.0,1.0,1.0
161,2.0,1.0,1.0
162,3.0,4.0,4.0
163,3.0,4.0,4.0
164,3.0,4.0,4.0
165,3.0,4.0,4.0
166,3.0,4.0,4.0
167,3.0,1.0,1.0
168,3.0,1.0,1.0
169,3.0,1.0,1.0
170,3.0,1.0,1.0
171,3.0,9.0,7.0
172,3.0,4.0,4.0
173,1.0,4.0,4.0
174,2.0,4.0,4.0
175,2.0,4.0,4.0
176,2.0,4.0,4.0
177,2.0,1.0,1.0
178,2.0,1.0,1.0
179,2.0,1.0,2.0
180,1.0,4.0,1.0
181,1.0,4.0,1.0
182,1.0,4.0,1.0
183,1.0,4.0,1.0
184,1.0,1.0,1.0
185,1.0,1.0,1.0
186,1.0,1.0,1.0
187,1.0,1.0,1.0
188,1.0,1.0,1.0
189,1.0,1.0,1.0
190,1.0,1.0,1.0
191,1.0,3.0,2.0
192,1.0,2.0,2.0
193,1.0,2.0,2.0
194,1.0,2.0,4.0
195,1.0,2.0,2.0
196,1.0,2.0,2.0
197,1.0,2.0,2.0
198,1.0,10.0,5.0
199,10.0,5.0,6.0
200,2.0,5.0,6.0
201,3.0,5.0,1.0
202,3.0,7.0,3.0
203,3.0,7.0,3.0
204,3.0,4.0,5.0
205,1.0,6.0,1.0
206,1.0,5.0,1.0
207,1.0,2.0,1.0
208,1.0,10.0,1.0
209,1.0,10.0,1.0
210,1.0,3.0,1.0
211,1.0,5.0,1.0
212,1.0,5.0,1.0
213,1.0,5.0,1.0
214,1.0,5.0,1.0
215,1.0,5.0,1.0
216,1.0,5.0,1.0
217,1.0,5.0,1.0
218,1.0,5.0,1.0
219,1.0,5.0,1.0
220,1.0,5.0,1.0
221,1.0,2.0,1.0
222,1.0,2.0,1.0
223,1.0,2.0,1.0
224,1.0,2.0,1.0
225,1.0,2.0,1.0
226,1.0,2.0,1.0
227,1.0,5.0,1.0
228,1.0,6.0,1.0
229,1.0,6.0,1.0
230,1.0,6.0,5.0
231,2.0,1.0,1.0
232,2.0,1.0,1.0
233,2.0,1.0,1.0
234,2.0,1.0,1.0
235,2.0,1.0,1.0
236,2.0,1.0,1.0
237,2.0,1.0,1.0
238,2.0,1.0,1.0
239,2.0,1.0,1.0
240,2.0,1.0,1.0
241,2.0,1.0,1.0
242,2.0,1.0,1.0
243,2.0,1.0,1.0
244,2.0,1.0,1.0
245,4.0,1.0,4.0
246,10.0,3.0,7.0
247,5.0,3.0,3.0
248,1.0,2.0,1.0
249,1.0,2.0,1.0
250,1.0,2.0,1.0
251,1.0,2.0,1.0
252,5.0,2.0,1.0
253,5.0,2.0,9.0
254,5.0,2.0,1.0
255,5.0,6.0,1.0
256,5.0,2.0,9.0
257,5.0,7.0,2.0
258,5.0,7.0,5.0
259,5.0,1.0,5.0
260,3.0,2.0,3.0
261,3.0,1.0,3.0
262,3.0,1.0,3.0
263,3.0,1.0,3.0
264,3.0,1.0,3.0
265,3.0,4.0,3.0
266,3.0,1.0,3.0
267,3.0,1.0,3.0
268,3.0,1.0,1.0
269,8.0,4.0,8.0
270,8.0,4.0,8.0
271,8.0,7.0,8.0
272,8.0,6.0,8.0
273,8.0,6.0,8.0
274,8.0,1.0,8.0
275,8.0,1.0,8.0
276,5.0,1.0,2.0
277,6.0,1.0,2.0
278,6.0,1.0,2.0
279,7.0,3.0,2.0
280,4.0,3.0,2.0
281,2.0,3.0,2.0
282,2.0,3.0,2.0
283,2.0,3.0,2.0
284,2.0,3.0,2.0
285,2.0,3.0,2.0
286,2.0,3.0,2.0
287,2.0,3.0,5.0
288,2.0,3.0,1.0
289,1.0,2.0,2.0
290,1.0,1.0,5.0
291,1.0,1.0,1.0
292,1.0,1.0,1.0
293,1.0,1.0,1.0
294,1.0,1.0,1.0
295,1.0,1.0,1.0
296,1.0,1.0,1.0
297,2.0,1.0,1.0
298,3.0,1.0,1.0
299,3.0,1.0,1.0
300,3.0,1.0,1.0
301,3.0,1.0,1.0
302,3.0,1.0,1.0
303,1.0,2.0,1.0
304,1.0,1.0,1.0
305,1.0,1.0,7.0
306,3.0,1.0,3.0
307,3.0,4.0,1.0
308,1.0,2.0,1.0
309,1.0,2.0,1.0
310,1.0,2.0,1.0
311,1.0,1.0,1.0
312,1.0,2.0,2.0
313,2.0,3.0,1.0
314,2.0,1.0,1.0
315,2.0,1.0,1.0
316,3.0,4.0,1.0
317,3.0,2.0,10.0
318,3.0,2.0,10.0
319,5.0,2.0,7.0
320,3.0,5.0,5.0
321,3.0,4.0,5.0
322,3.0,8.0,8.0
323,3.0,8.0,6.0
324,10.0,5.0,6.0
325,3.0,5.0,1.0
326,3.0,1.0,1.0
327,3.0,1.0,4.0
328,2.0,1.0,2.0
329,2.0,1.0,2.0
330,2.0,1.0,2.0
331,2.0,1.0,2.0
332,2.0,1.0,2.0
333,2.0,1.0,2.0
334,2.0,3.0,2.0
335,2.0,3.0,2.0
336,2.0,8.0,1.0
337,10.0,8.0,1.0
338,3.0,5.0,3.0
339,3.0,2.0,3.0
340,3.0,5.0,3.0
341,3.0,5.0,3.0
342,3.0,7.0,3.0
343,3.0,7.0,3.0
344,3.0,7.0,4.0
345,10.0,7.0,1.0
346,1.0,7.0,1.0
347,1.0,2.0,1.0
348,1.0,2.0,1.0
349,1.0,2.0,1.0
350,1.0,2.0,1.0
351,1.0,3.0,1.0
352,1.0,3.0,1.0
353,1.0,2.0,2.0
354,1.0,1.0,7.0
355,1.0,1.0,1.0
356,6.0,5.0,9.0
357,1.0,5.0,1.0
358,1.0,10.0,1.0
359,1.0,2.0,1.0
360,1.0,3.0,1.0
361,1.0,3.0,1.0
362,1.0,3.0,1.0
363,1.0,3.0,1.0
364,1.0,1.0,1.0
365,1.0,1.0,1.0
366,1.0,1.0,1.0
367,10.0,3.0,4.0
368,8.0,3.0,10.0
369,10.0,8.0,7.0
370,2.0,8.0,2.0
371,2.0,8.0,4.0
372,2.0,8.0,7.0
373,2.0,3.0,1.0
374,2.0,3.0,1.0
375,1.0,2.0,1.0
376,1.0,5.0,1.0
377,1.0,5.0,1.0
378,1.0,7.0,1.0
379,4.0,7.0,1.0
380,1.0,7.0,1.0
381,6.0,7.0,2.0
382,6.0,4.0,1.0
383,6.0,2.0,1.0
384,6.0,2.0,1.0
385,4.0,2.0,4.0
386,10.0,4.0,2.0
387,1.0,4.0,5.0
388,2.0,4.0,9.0
389,2.0,3.0,2.0
390,2.0,3.0,2.0
391,2.0,3.0,2.0
392,2.0,3.0,2.0
393,2.0,3.0,2.0
394,2.0,3.0,1.0
395,1.0,3.0,1.0
396,1.0,3.0,1.0
397,1.0,3.0,2.0
398,1.0,2.0,3.0
399,4.0,2.0,2.0
400,5.0,2.0,1.0
401,3.0,1.0,1.0
402,3.0,1.0,1.0
403,3.0,1.0,1.0
404,2.0,1.0,1.0
405,2.0,1.0,3.0
406,2.0,1.0,1.0
407,2.0,1.0,1.0
408,2.0,2.0,1.0
409,2.0,2.0,1.0
410,2.0,1.0,4.0
411,2.0,1.0,3.0
412,2.0,1.0,3.0
413,7.0,1.0,6.0
414,6.0,10.0,2.0
415,4.0,2.0,1.0
416,4.0,6.0,1.0
417,4.0,3.0,5.0
418,4.0,3.0,3.0
419,4.0,3.0,3.0
420,4.0,1.0,1.0
421,4.0,1.0,1.0
422,4.0,1.0,1.0
423,4.0,1.0,1.0
424,4.0,1.0,1.0
425,4.0,1.0,1.0
426,4.0,1.0,1.0
427,4.0,1.0,1.0
428,8.0,1.0,1.0
429,8.0,3.0,1.0
430,6.0,3.0,1.0
431,6.0,3.0,1.0
432,6.0,3.0,10.0
433,2.0,3.0,10.0
434,2.0,3.0,1.0
435,2.0,3.0,4.0
436,1.0,1.0,5.0
437,1.0,1.0,1.0
438,2.0,5.0,5.0
439,2.0,1.0,1.0
440,1.0,4.0,1.0
441,10.0,4.0,1.0
442,3.0,2.0,6.0
443,7.0,1.0,4.0
444,4.0,8.0,2.0
445,2.0,8.0,3.0
446,3.0,8.0,6.0
447,1.0,8.0,4.0
448,8.0,2.0,3.0
449,8.0,2.0,4.0
450,2.0,3.0,3.0
451,2.0,2.0,2.0
452,2.0,2.0,2.0
453,2.0,4.0,1.0
454,10.0,2.0,7.0
455,5.0,10.0,7.0
456,8.0,1.0,2.0
457,8.0,5.0,5.0
458,1.0,5.0,1.0
459,1.0,5.0,1.0
460,1.0,3.0,1.0
461,1.0,3.0,1.0
462,1.0,3.0,1.0
463,1.0,3.0,1.0
464,1.0,3.0,1.0
465,1.0,3.0,1.0
466,1.0,3.0,4.0
467,1.0,3.0,4.0
468,1.0,3.0,2.0
469,1.0,3.0,5.0
470,1.0,3.0,2.0
471,4.0,3.0,4.0
472,4.0,3.0,4.0
473,5.0,3.0,5.0
474,1.0,3.0,1.0
475,1.0,2.0,1.0
476,1.0,2.0,8.0
477,10.0,2.0,3.0
478,10.0,2.0,1.0
479,1.0,2.0,1.0
480,1.0,2.0,1.0
481,1.0,2.0,1.0
482,1.0,3.0,1.0
483,1.0,2.0,1.0
484,1.0,2.0,3.0
485,1.0,2.0,3.0
486,1.0,2.0,3.0
487,1.0,2.0,3.0
488,1.0,2.0,2.0
489,1.0,2.0,2.0
490,3.0,4.0,4.0
491,3.0,4.0,1.0
492,3.0,1.0,2.0
493,3.0,2.0,2.0
494,3.0,2.0,2.0
495,10.0,1.0,5.0
496,10.0,1.0,1.0
497,10.0,1.0,3.0
498,7.0,1.0,2.0
499,7.0,1.0,2.0
500,2.0,1.0,8.0
501,2.0,1.0,2.0
502,2.0,1.0,2.0
503,2.0,1.0,2.0
504,2.0,1.0,2.0
505,2.0,1.0,2.0
506,2.0,3.0,4.0
507,2.0,1.0,2.0
508,2.0,1.0,3.0
509,2.0,1.0,2.0
510,2.0,1.0,2.0
511,2.0,1.0,3.0
512,2.0,1.0,2.0
513,2.0,1.0,2.0
514,2.0,1.0,2.0
515,2.0,1.0,3.0
516,2.0,1.0,2.0
517,3.0,1.0,2.0
518,4.0,1.0,2.0
519,3.0,1.0,2.0
520,3.0,1.0,1.0
521,3.0,1.0,1.0
522,6.0,1.0,1.0
523,3.0,1.0,5.0
524,3.0,1.0,3.0
525,3.0,1.0,3.0
526,3.0,1.0,3.0
527,3.0,1.0,3.0
528,4.0,4.0,2.0
529,2.0,3.0,4.0
530,2.0,5.0,2.0
531,2.0,5.0,2.0
532,2.0,5.0,2.0
533,2.0,5.0,10.0
534,10.0,5.0,2.0
535,10.0,9.0,6.0
536,10.0,9.0,9.0
537,10.0,9.0,1.0
538,8.0,4.0,4.0
539,6.0,4.0,2.0
540,9.0,4.0,10.0
541,4.0,6.0,1.0
542,1.0,3.0,2.0
543,1.0,3.0,2.0
544,1.0,2.0,2.0
545,1.0,5.0,2.0
546,1.0,4.0,9.0
547,1.0,4.0,1.0
548,1.0,4.0,2.0
549,5.0,1.0,4.0
550,2.0,1.0,4.0
551,6.0,2.0,1.0
552,7.0,2.0,3.0
553,3.0,2.0,9.0
554,1.0,1.0,1.0
555,1.0,1.0,1.0
556,1.0,3.0,3.0
557,1.0,3.0,3.0
558,1.0,3.0,1.0
559,1.0,4.0,2.0
560,1.0,4.0,1.0
561,1.0,4.0,2.0
562,1.0,9.0,2.0
563,1.0,4.0,3.0
564,1.0,3.0,4.0
565,1.0,3.0,1.0
566,1.0,5.0,1.0
567,1.0,3.0,1.0
568,1.0,3.0,1.0
569,1.0,3.0,1.0
570,1.0,3.0,1.0
571,1.0,3.0,1.0
572,1.0,3.0,1.0
573,1.0,3.0,1.0
574,1.0,3.0,1.0
575,1.0,3.0,1.0
576,1.0,3.0,1.0
577,1.0,3.0,1.0
578,1.0,3.0,1.0
579,1.0,3.0,1.0
580,1.0,3.0,1.0
581,1.0,1.0,4.0
582,1.0,1.0,1.0
583,1.0,1.0,1.0
584,1.0,5.0,5.0
585,1.0,5.0,5.0
586,2.0,7.0,2.0
587,2.0,3.0,2.0
588,10.0,3.0,2.0
589,1.0,2.0,2.0
590,1.0,2.0,2.0
591,1.0,2.0,2.0
592,1.0,2.0,2.0
593,1.0,2.0,2.0
594,2.0,2.0,2.0
595,2.0,1.0,2.0
596,2.0,1.0,2.0
597,2.0,1.0,2.0
598,1.0,3.0,1.0
599,4.0,2.0,1.0
600,3.0,2.0,3.0
601,3.0,1.0,3.0
602,2.0,1.0,2.0
603,3.0,3.0,3.0
604,4.0,3.0,4.0
605,2.0,3.0,3.0
606,7.0,3.0,3.0
607,1.0,3.0,3.0
608,1.0,3.0,3.0
609,1.0,3.0,2.0
610,1.0,3.0,3.0
611,1.0,4.0,3.0
612,1.0,2.0,2.0
613,1.0,4.0,10.0
614,1.0,4.0,2.0
615,2.0,4.0,2.0
616,7.0,1.0,2.0
617,6.0,1.0,2.0
618,9.0,2.0,2.0
619,2.0,2.0,2.0
620,2.0,2.0,2.0
621,2.0,4.0,4.0
622,1.0,1.0,1.0
623,1.0,1.0,1.0
624,3.0,4.0,3.0
625,3.0,1.0,3.0
626,3.0,1.0,3.0
627,3.0,2.0,3.0
628,10.0,6.0,10.0
629,2.0,6.0,2.0
630,1.0,3.0,2.0
631,2.0,3.0,1.0
632,4.0,5.0,5.0
633,3.0,1.0,1.0
634,3.0,1.0,1.0
635,1.0,1.0,1.0
636,1.0,1.0,1.0
637,1.0,1.0,1.0
638,1.0,1.0,1.0
639,1.0,2.0,2.0
640,1.0,2.0,2.0
641,1.0,2.0,5.0
642,1.0,2.0,2.0
643,1.0,2.0,2.0
644,1.0,2.0,2.0
645,1.0,2.0,2.0
646,1.0,2.0,2.0
647,1.0,2.0,2.0
648,1.0,2.0,2.0
649,1.0,5.0,2.0
650,3.0,4.0,2.0
651,1.0,4.0,1.0
652,7.0,5.0,1.0
653,7.0,2.0,2.0
654,7.0,5.0,9.0
655,7.0,5.0,1.0
656,7.0,5.0,1.0
657,8.0,5.0,4.0
658,7.0,1.0,5.0
659,7.0,1.0,6.0
660,7.0,1.0,6.0
661,7.0,1.0,6.0
662,7.0,1.0,6.0
663,7.0,8.0,8.0
664,7.0,1.0,8.0
665,7.0,1.0,10.0
666,7.0,4.0,2.0
667,7.0,4.0,2.0
668,7.0,4.0,2.0
669,7.0,6.0,6.0
670,10.0,3.0,3.0
671,7.0,3.0,1.0
672,7.0,3.0,2.0
673,7.0,3.0,8.0
674,5.0,3.0,2.0
675,1.0,3.0,1.0
676,1.0,3.0,1.0
677,1.0,3.0,1.0
678,1.0,3.0,2.0
679,1.0,3.0,1.0
680,1.0,3.0,1.0
681,1.0,3.0,1.0
682,1.0,3.0,1.0
683,1.0,2.0,1.0
684,1.0,3.0,1.0
685,1.0,3.0,1.0
686,1.0,3.0,1.0
687,1.0,3.0,1.0
688,1.0,3.0,1.0
689,1.0,7.0,1.0
690,1.0,2.0,1.0
691,1.0,1.0,1.0
692,1.0,1.0,1.0
693,1.0,1.0,1.0
694,1.0,1.0,1.0
695,1.0,1.0,1.0
696,1.0,1.0,1.0
697,1.0,1.0,1.0
698,1.0,1.0,1.0
699,1.0,1.0,1.0
700,1.0,1.0,1.0
701,1.0,1.0,1.0
702,1.0,1.0,1.0
703,1.0,1.0,1.0
704,1.0,1.0,1.0
705,1.0,1.0,1.0
706,1.0,1.0,1.0
707,1.0,1.0,1.0
708,1.0,1.0,1.0
709,1.0,1.0,1.0
710,1.0,1.0,1.0
711,10.0,4.0,3.0
712,3.0,4.0,3.0
713,1.0,8.0,2.0
714,1.0,2.0,2.0
715,1.0,3.0,2.0
716,1.0,3.0,2.0
717,10.0,3.0,1.0
718,10.0,3.0,10.0
719,10.0,3.0,10.0
720,10.0,3.0,10.0
721,10.0,1.0,10.0
722,7.0,1.0,7.0
723,3.0,1.0,10.0
724,4.0,1.0,1.0
725,1.0,1.0,2.0
726,1.0,1.0,1.0
727,1.0,1.0,1.0
728,1.0,1.0,1.0
729,1.0,1.0,1.0
730,1.0,1.0,2.0
731,1.0,1.0,1.0
732,1.0,1.0,1.0
733,1.0,1.0,1.0
734,1.0,1.0,1.0
735,4.0,4.0,3.0
736,6.0,1.0,1.0
737,2.0,1.0,5.0
738,3.0,1.0,5.0
739,10.0,1.0,5.0
740,6.0,4.0,4.0
741,2.0,1.0,4.0
742,2.0,1.0,4.0
743,2.0,1.0,1.0
744,2.0,4.0,1.0
745,2.0,1.0,1.0
746,2.0,3.0,1.0
747,2.0,1.0,1.0
748,2.0,1.0,1.0
749,2.0,1.0,1.0
750,4.0,1.0,1.0
751,2.0,1.0,1.0
752,2.0,1.0,3.0
753,2.0,1.0,1.0
754,2.0,1.0,1.0
755,2.0,1.0,1.0
756,4.0,1.0,1.0
757,3.0,1.0,6.0
758,3.0,1.0,1.0
759,3.0,1.0,10.0
760,4.0,3.0,1.0
761,4.0,2.0,2.0
762,4.0,2.0,2.0
763,4.0,2.0,2.0
764,6.0,2.0,2.0
765,6.0,2.0,2.0
766,1.0,9.0,2.0
767,4.0,2.0,3.0
768,1.0,3.0,3.0
769,5.0,1.0,2.0
770,3.0,1.0,1.0
771,3.0,1.0,1.0
772,3.0,1.0,1.0
773,3.0,1.0,1.0
774,3.0,1.0,1.0
775,2.0,1.0,1.0
776,2.0,1.0,1.0
777,2.0,1.0,1.0
778,3.0,1.0,5.0
779,3.0,1.0,1.0
780,3.0,1.0,1.0
781,3.0,1.0,1.0
782,3.0,1.0,1.0
783,2.0,1.0,5.0
784,2.0,5.0,1.0
785,2.0,1.0,1.0
786,2.0,1.0,1.0
787,2.0,1.0,1.0
788,2.0,1.0,1.0
789,1.0,1.0,1.0
790,1.0,1.0,1.0
791,1.0,1.0,1.0
792,1.0,1.0,1.0
793,1.0,1.0,2.0
794,1.0,4.0,2.0
795,1.0,4.0,5.0
796,1.0,2.0,3.0
797,1.0,10.0,8.0
798,1.0,2.0,7.0
799,1.0,3.0,1.0
800,1.0,2.0,7.0
801,1.0,4.0,4.0
802,6.0,4.0,3.0
803,3.0,4.0,1.0
804,3.0,4.0,1.0
805,2.0,4.0,1.0
806,8.0,4.0,4.0
807,7.0,2.0,3.0
808,1.0,4.0,1.0
809,2.0,4.0,4.0
810,1.0,4.0,5.0
811,1.0,4.0,1.0
812,3.0,2.0,2.0
813,3.0,9.0,6.0
814,10.0,9.0,1.0
815,10.0,3.0,1.0
816,5.0,2.0,6.0
817,3.0,2.0,4.0
818,3.0,2.0,4.0
819,3.0,2.0,4.0
820,9.0,1.0,5.0
821,5.0,1.0,4.0
822,5.0,3.0,9.0
823,5.0,1.0,2.0
824,5.0,4.0,2.0
825,5.0,1.0,2.0
826,5.0,1.0,10.0
827,5.0,1.0,5.0
828,3.0,1.0,3.0
829,3.0,1.0,2.0
830,3.0,1.0,5.0
831,3.0,4.0,3.0
832,3.0,4.0,3.0
833,2.0,4.0,2.0
834,2.0,4.0,1.0
835,2.0,4.0,1.0
836,2.0,4.0,1.0
837,3.0,4.0,5.0
838,3.0,2.0,3.0
839,3.0,2.0,3.0
840,5.0,2.0,6.0
841,2.0,1.0,1.0
842,1.0,3.0,9.0
843,7.0,3.0,10.0
844,1.0,3.0,4.0
845,1.0,3.0,4.0
846,1.0,3.0,5.0
847,1.0,3.0,3.0
848,1.0,3.0,3.0
849,1.0,3.0,3.0
850,2.0,3.0,3.0
851,2.0,3.0,3.0
852,1.0,3.0,2.0
853,1.0,2.0,2.0
854,1.0,2.0,2.0
855,8.0,2.0,2.0
856,8.0,4.0,2.0
857,1.0,4.0,4.0
858,1.0,4.0,4.0
859,8.0,2.0,2.0
860,8.0,2.0,1.0
861,8.0,2.0,2.0
862,3.0,2.0,2.0
863,4.0,2.0,1.0
864,4.0,2.0,1.0
865,4.0,2.0,1.0
866,4.0,2.0,1.0
867,4.0,2.0,2.0
868,4.0,2.0,1.0
869,3.0,2.0,3.0
870,3.0,9.0,3.0
871,2.0,1.0,1.0
872,5.0,2.0,5.0
873,1.0,2.0,4.0
874,1.0,2.0,2.0
875,6.0,2.0,2.0
876,6.0,2.0,2.0
877,1.0,2.0,2.0
878,1.0,2.0,2.0
879,5.0,2.0,2.0
880,5.0,1.0,2.0
881,5.0,1.0,1.0
882,5.0,1.0,1.0
883,5.0,7.0,1.0
884,6.0,9.0,1.0
885,1.0,9.0,4.0
886,3.0,9.0,2.0
887,3.0,9.0,4.0
888,3.0,5.0,2.0
889,3.0,7.0,3.0
890,3.0,7.0,3.0
891,3.0,7.0,3.0
892,3.0,7.0,2.0
893,4.0,7.0,1.0
894,4.0,7.0,1.0
895,4.0,7.0,1.0
896,6.0,7.0,7.0
897,1.0,3.0,1.0
898,1.0,6.0,1.0
899,1.0,6.0,1.0
900,9.0,3.0,10.0
901,9.0,1.0,10.0
902,4.0,1.0,2.0
903,1.0,9.0,10.0
904,1.0,9.0,7.0
905,1.0,9.0,5.0
906,1.0,4.0,3.0
907,2.0,1.0,8.0
908,3.0,4.0,4.0
909,2.0,4.0,4.0
910,2.0,4.0,4.0
911,5.0,4.0,3.0
912,10.0,1.0,10.0
913,4.0,1.0,4.0
914,4.0,2.0,4.0
915,9.0,3.0,1.0
916,9.0,3.0,1.0
917,9.0,10.0,6.0
918,3.0,1.0,3.0
919,2.0,1.0,1.0
920,3.0,1.0,1.0
921,6.0,6.0,1.0
922,8.0,6.0,1.0
923,6.0,6.0,1.0
924,2.0,1.0,1.0
925,2.0,4.0,2.0
926,1.0,4.0,6.0
927,2.0,1.0,8.0
928,2.0,1.0,6.0
929,2.0,1.0,3.0
930,2.0,1.0,3.0
931,2.0,1.0,3.0
932,2.0,1.0,3.0
933,2.0,1.0,3.0
934,3.0,1.0,3.0
935,3.0,1.0,1.0
936,1.0,1.0,1.0
937,1.0,1.0,1.0
938,1.0,1.0,1.0
939,2.0,1.0,1.0
940,1.0,1.0,1.0
941,1.0,1.0,1.0
942,1.0,1.0,1.0
943,1.0,3.0,1.0
944,1.0,1.0,1.0
945,3.0,1.0,1.0
946,3.0,6.0,2.0
947,5.0,5.0,2.0
948,1.0,2.0,4.0
949,2.0,2.0,4.0
950,10.0,3.0,1.0
951,3.0,4.0,1.0
952,3.0,4.0,3.0
953,3.0,4.0,5.0
954,5.0,4.0,7.0
955,5.0,4.0,3.0
956,9.0,4.0,5.0
957,2.0,4.0,2.0
958,2.0,4.0,2.0
959,2.0,4.0,2.0
960,2.0,2.0,1.0
961,2.0,4.0,3.0
962,6.0,7.0,3.0
963,2.0,4.0,3.0
964,2.0,3.0,4.0
965,2.0,5.0,3.0
966,2.0,4.0,3.0
967,2.0,4.0,3.0
968,2.0,4.0,1.0
969,3.0,5.0,3.0
970,1.0,2.0,3.0
971,1.0,2.0,4.0
972,7.0,2.0,5.0
973,1.0,2.0,1.0
974,1.0,2.0,1.0
975,1.0,5.0,6.0
976,1.0,2.0,1.0
977,1.0,2.0,6.0
978,5.0,2.0,1.0
979,1.0,2.0,10.0
980,1.0,2.0,1.0
981,9.0,2.0,4.0
982,3.0,2.0,6.0
983,3.0,8.0,3.0
984,3.0,2.0,3.0
985,3.0,6.0,3.0
986,3.0,4.0,3.0
987,3.0,4.0,3.0
988,3.0,4.0,3.0
989,3.0,4.0,2.0
990,3.0,4.0,2.0
991,10.0,4.0,2.0
992,10.0,4.0,2.0
993,10.0,2.0,2.0
994,10.0,2.0,2.0
995,10.0,3.0,6.0
996,1.0,2.0,1.0
997,1.0,4.0,4.0
998,2.0,3.0,4.0
999,2.0,3.0,4.0
1000,3.0,5.0,9.0
1001,1.0,4.0,2.0
1002,1.0,4.0,2.0
1003,2.0,4.0,4.0
1004,1.0,4.0,2.0
1005,1.0,2.0,10.0
1006,1.0,2.0,1.0
1007,2.0,6.0,1.0
1008,1.0,6.0,1.0
1009,1.0,2.0,1.0
1010,4.0,2.0,1.0
1011,4.0,2.0,1.0
1012,1.0,2.0,1.0
1013,1.0,2.0,1.0
1014,1.0,2.0,1.0
1015,1.0,2.0,1.0
1016,1.0,2.0,1.0
1017,1.0,2.0,1.0
1018,1.0,2.0,1.0
1019,1.0,2.0,1.0
1020,1.0,2.0,1.0
1021,10.0,7.0,1.0
1022,5.0,1.0,1.0
1023,5.0,1.0,1.0
1024,6.0,2.0,1.0
1025,6.0,3.0,8.0
1026,1.0,3.0,1.0
1027,1.0,4.0,4.0
1028,1.0,4.0,1.0
1029,1.0,4.0,1.0
1030,1.0,4.0,1.0
1031,1.0,4.0,1.0
1032,1.0,4.0,1.0
1033,1.0,4.0,1.0
1034,2.0,4.0,1.0
1035,2.0,4.0,1.0
1036,2.0,3.0,1.0
1037,2.0,3.0,1.0
1038,2.0,3.0,1.0
1039,4.0,2.0,1.0
1040,3.0,2.0,3.0
1041,1.0,2.0,3.0
1042,1.0,2.0,1.0
1043,1.0,2.0,1.0
1044,1.0,2.0,1.0
1045,1.0,2.0,3.0
1046,1.0,2.0,3.0
1047,4.0,2.0,4.0
1048,4.0,2.0,1.0
1049,1.0,4.0,1.0
1050,1.0,4.0,1.0
1051,1.0,4.0,1.0
1052,2.0,4.0,3.0
1053,2.0,1.0,3.0
1054,2.0,1.0,2.0
1055,2.0,4.0,2.0
1056,3.0,4.0,1.0
1057,3.0,4.0,1.0
1058,3.0,4.0,9.0
1059,1.0,4.0,1.0
1060,2.0,6.0,2.0
1061,2.0,6.0,2.0
1062,5.0,10.0,4.0
1063,5.0,1.0,5.0
1064,5.0,1.0,3.0
1065,2.0,1.0,2.0
1066,2.0,1.0,3.0
1067,2.0,1.0,2.0
1068,3.0,1.0,2.0
1069,2.0,1.0,2.0
1070,2.0,1.0,1.0
1071,2.0,3.0,2.0
1072,2.0,4.0,2.0
1073,5.0,10.0,5.0
1074,1.0,1.0,3.0
1075,8.0,5.0,3.0
1076,6.0,6.0,2.0
1077,5.0,1.0,2.0
1078,8.0,1.0,1.0
1079,5.0,1.0,7.0
1080,5.0,4.0,4.0
1081,5.0,7.0,3.0
1082,5.0,10.0,2.0
1083,5.0,2.0,2.0
1084,5.0,2.0,2.0
1085,5.0,4.0,3.0
1086,5.0,2.0,2.0
1087,10.0,2.0,2.0
1088,5.0,4.0,4.0
1089,6.0,5.0,2.0
1090,2.0,4.0,2.0
1091,4.0,1.0,1.0
1092,1.0,1.0,1.0
1093,1.0,1.0,1.0
1094,1.0,1.0,1.0
1095,1.0,1.0,1.0
1096,1.0,8.0,1.0
1097,1.0,1.0,1.0
1098,1.0,1.0,2.0
1099,1.0,1.0,1.0
1100,1.0,1.0,1.0
1101,1.0,2.0,1.0
1102,1.0,3.0,7.0
1103,1.0,6.0,1.0
1104,1.0,3.0,1.0
1105,1.0,9.0,1.0
1106,2.0,1.0,1.0
1107,3.0,1.0,3.0
1108,7.0,5.0,3.0
1109,2.0,1.0,7.0
1110,1.0,4.0,7.0
1111,1.0,4.0,2.0
1112,1.0,3.0,2.0
1113,2.0,3.0,2.0
1114,2.0,3.0,2.0
1115,1.0,3.0,1.0
1116,1.0,3.0,2.0
1117,1.0,1.0,1.0
1118,1.0,1.0,7.0
1119,8.0,1.0,7.0
1120,3.0,1.0,4.0
1121,8.0,5.0,6.0
1122,4.0,5.0,10.0
1123,3.0,3.0,10.0
1124,1.0,3.0,4.0
1125,8.0,3.0,5.0
1126,2.0,3.0,5.0
1127,2.0,3.0,5.0
1128,2.0,3.0,5.0
1129,2.0,3.0,2.0
1130,2.0,1.0,2.0
1131,2.0,3.0,2.0
1132,2.0,3.0,2.0
1133,2.0,3.0,2.0
1134,2.0,3.0,2.0
1135,2.0,1.0,2.0
1136,2.0,1.0,2.0
1137,2.0,1.0,2.0
1138,2.0,1.0,2.0
1139,4.0,1.0,4.0
1140,2.0,1.0,2.0
1141,2.0,1.0,1.0
1142,2.0,5.0,3.0
1143,2.0,1.0,1.0
1144,5.0,1.0,1.0
1145,5.0,1.0,1.0
1146,5.0,1.0,1.0
1147,5.0,1.0,1.0
1148,2.0,1.0,1.0
1149,4.0,1.0,1.0
1150,4.0,1.0,1.0
1151,3.0,2.0,1.0
1152,3.0,2.0,1.0
1153,4.0,2.0,1.0
1154,2.0,1.0,1.0
1155,2.0,1.0,1.0
1156,2.0,1.0,1.0
1157,2.0,1.0,1.0
1158,2.0,3.0,1.0
1159,2.0,3.0,1.0
1160,2.0,3.0,5.0
1161,2.0,3.0,1.0
1162,4.0,3.0,8.0
1163,5.0,2.0,4.0
1164,5.0,1.0,5.0
1165,5.0,1.0,5.0
1166,5.0,1.0,5.0
1167,1.0,4.0,4.0
1168,1.0,4.0,4.0
1169,1.0,1.0,1.0
1170,1.0,1.0,1.0
1171,1.0,1.0,1.0
1172,1.0,1.0,1.0
1173,1.0,1.0,1.0
1174,1.0,1.0,1.0
1175,1.0,1.0,1.0
1176,1.0,1.0,1.0
1177,1.0,1.0,1.0
1178,1.0,1.0,1.0
1179,1.0,1.0,1.0
1180,1.0,1.0,1.0
1181,1.0,1.0,2.0
1182,2.0,1.0,2.0
1183,1.0,2.0,1.0
1184,1.0,2.0,1.0
1185,1.0,2.0,1.0
1186,1.0,2.0,1.0
1187,1.0,2.0,1.0
1188,1.0,2.0,1.0
1189,1.0,2.0,1.0
1190,1.0,2.0,1.0
1191,1.0,4.0,1.0
1192,1.0,2.0,1.0
1193,1.0,2.0,1.0
1194,1.0,2.0,1.0
1195,1.0,2.0,1.0
1196,1.0,2.0,5.0
1197,1.0,2.0,1.0
1198,1.0,2.0,1.0
1199,5.0,2.0,1.0
1200,1.0,4.0,1.0
1201,1.0,5.0,1.0
1202,9.0,5.0,1.0
1203,9.0,5.0,1.0
1204,1.0,5.0,1.0
1205,10.0,5.0,6.0
1206,1.0,2.0,1.0
1207,1.0,3.0,1.0
1208,1.0,1.0,1.0
1209,4.0,4.0,5.0
1210,2.0,1.0,2.0
1211,4.0,1.0,4.0
1212,4.0,10.0,5.0
1213,4.0,7.0,5.0
1214,4.0,10.0,4.0
1215,7.0,2.0,2.0
1216,7.0,1.0,1.0
1217,5.0,1.0,1.0
1218,3.0,1.0,4.0
1219,3.0,1.0,4.0
1220,3.0,1.0,4.0
1221,3.0,1.0,4.0
1222,3.0,1.0,1.0
1223,4.0,1.0,1.0
1224,4.0,1.0,1.0
1225,3.0,7.0,3.0
1226,3.0,2.0,2.0
1227,4.0,2.0,2.0
1228,4.0,2.0,2.0
1229,4.0,2.0,1.0
1230,4.0,1.0,10.0
1231,10.0,8.0,2.0
1232,10.0,8.0,2.0
1233,10.0,5.0,5.0
1234,10.0,2.0,3.0
1235,10.0,2.0,9.0
1236,3.0,2.0,1.0
1237,6.0,2.0,1.0
1238,4.0,10.0,6.0
1239,4.0,1.0,1.0
1240,4.0,6.0,3.0
1241,4.0,1.0,1.0
1242,3.0,1.0,3.0
1243,3.0,2.0,6.0
1244,3.0,4.0,1.0
1245,9.0,1.0,1.0
1246,3.0,1.0,3.0
1247,9.0,4.0,3.0
1248,7.0,4.0,3.0
1249,3.0,4.0,4.0
1250,3.0,4.0,4.0
1251,3.0,6.0,6.0
1252,3.0,6.0,6.0
1253,1.0,1.0,1.0
1254,3.0,7.0,2.0
1255,2.0,1.0,6.0
1256,2.0,1.0,5.0
1257,2.0,1.0,7.0
1258,2.0,1.0,7.0
1259,2.0,7.0,3.0
1260,2.0,7.0,7.0
1261,7.0,2.0,9.0
1262,4.0,1.0,3.0
1263,4.0,3.0,1.0
1264,2.0,3.0,3.0
1265,2.0,3.0,3.0
1266,2.0,1.0,1.0
1267,2.0,1.0,4.0
1268,2.0,1.0,4.0
1269,2.0,1.0,4.0
1270,2.0,1.0,4.0
1271,1.0,1.0,1.0
1272,2.0,3.0,2.0
1273,2.0,6.0,5.0
1274,1.0,2.0,1.0
1275,1.0,5.0,2.0
1276,1.0,3.0,5.0
1277,1.0,3.0,9.0
1278,1.0,2.0,4.0
1279,1.0,2.0,2.0
1280,1.0,2.0,1.0
1281,1.0,2.0,1.0
1282,1.0,2.0,1.0
1283,1.0,2.0,1.0
1284,1.0,9.0,3.0
1285,8.0,2.0,3.0
1286,2.0,1.0,10.0
1287,8.0,1.0,6.0
1288,6.0,1.0,4.0
1289,4.0,1.0,3.0
1290,4.0,1.0,2.0
1291,3.0,1.0,3.0
1292,2.0,2.0,1.0
1293,4.0,3.0,1.0
1294,3.0,1.0,1.0
1295,3.0,1.0,1.0
1296,3.0,1.0,1.0
1297,3.0,1.0,1.0
1298,3.0,2.0,2.0
1299,3.0,2.0,2.0
1300,3.0,2.0,2.0
1301,3.0,1.0,3.0
1302,3.0,4.0,3.0
1303,1.0,5.0,10.0
1304,1.0,6.0,2.0
1305,1.0,2.0,2.0
1306,1.0,2.0,6.0
1307,1.0,2.0,2.0
1308,3.0,2.0,1.0
1309,3.0,2.0,1.0
1310,4.0,2.0,3.0
1311,1.0,2.0,1.0
1312,10.0,2.0,6.0
1313,1.0,2.0,1.0
1314,1.0,2.0,1.0
1315,1.0,2.0,1.0
1316,1.0,2.0,1.0
1317,1.0,1.0,1.0
1318,3.0,2.0,1.0
1319,1.0,2.0,3.0
1320,1.0,2.0,3.0
1321,1.0,2.0,1.0
1322,1.0,5.0,3.0
1323,3.0,2.0,3.0
1324,3.0,2.0,6.0
1325,3.0,2.0,6.0
1326,1.0,2.0,3.0
1327,1.0,2.0,1.0
1328,3.0,1.0,1.0
1329,3.0,4.0,1.0
1330,2.0,4.0,2.0
1331,1.0,4.0,2.0
1332,1.0,2.0,6.0
1333,5.0,1.0,10.0
1334,4.0,5.0,1.0
1335,4.0,1.0,1.0
1336,4.0,1.0,1.0
1337,4.0,1.0,1.0
1338,3.0,2.0,2.0
1339,3.0,1.0,1.0
1340,3.0,1.0,1.0
1341,1.0,1.0,1.0
1342,1.0,1.0,1.0
1343,1.0,1.0,1.0
1344,1.0,1.0,1.0
1345,1.0,1.0,1.0
1346,1.0,1.0,1.0
1347,1.0,6.0,1.0
1348,1.0,6.0,1.0
1349,1.0,7.0,1.0
1350,1.0,6.0,1.0
1351,2.0,1.0,2.0
1352,2.0,1.0,2.0
1353,2.0,1.0,2.0
1354,2.0,3.0,2.0
1355,2.0,1.0,1.0
1356,2.0,1.0,1.0
1357,2.0,1.0,1.0
1358,2.0,1.0,1.0
1359,4.0,1.0,1.0
1360,4.0,1.0,1.0
1361,4.0,1.0,1.0
1362,4.0,1.0,1.0
1363,4.0,1.0,1.0
1364,1.0,6.0,4.0
1365,2.0,10.0,2.0
1366,2.0,10.0,7.0
1367,2.0,10.0,4.0
1368,6.0,4.0,5.0
1369,5.0,2.0,3.0
1370,5.0,2.0,4.0
1371,4.0,2.0,1.0
1372,4.0,2.0,1.0
1373,2.0,1.0,1.0
1374,2.0,1.0,1.0
1375,2.0,2.0,1.0
1376,1.0,1.0,1.0
1377,1.0,2.0,2.0
1378,1.0,2.0,2.0
1379,1.0,2.0,2.0
1380,1.0,2.0,2.0
1381,1.0,2.0,2.0
1382,1.0,2.0,2.0
1383,4.0,2.0,2.0
1384,3.0,2.0,3.0
1385,1.0,2.0,1.0
1386,1.0,3.0,1.0
1387,2.0,3.0,1.0
1388,2.0,3.0,1.0
1389,2.0,3.0,1.0
1390,2.0,1.0,1.0
1391,2.0,1.0,1.0
1392,4.0,1.0,4.0
1393,4.0,1.0,4.0
1394,3.0,1.0,3.0
1395,2.0,1.0,2.0
1396,2.0,1.0,3.0
1397,2.0,1.0,10.0
1398,2.0,4.0,2.0
1399,2.0,5.0,2.0
1400,2.0,8.0,2.0
1401,2.0,5.0,5.0
1402,2.0,5.0,5.0
1403,1.0,5.0,5.0
1404,1.0,5.0,3.0
1405,1.0,5.0,3.0
1406,1.0,5.0,3.0
1407,1.0,5.0,1.0
1408,1.0,5.0,1.0
1409,1.0,5.0,1.0
1410,2.0,5.0,2.0
1411,2.0,1.0,2.0
1412,2.0,1.0,2.0
1413,2.0,1.0,2.0
1414,2.0,1.0,2.0
1415,5.0,1.0,10.0
1416,6.0,4.0,2.0
1417,7.0,9.0,2.0
1418,7.0,2.0,1.0
1419,7.0,1.0,3.0
1420,1.0,7.0,3.0
1421,7.0,5.0,1.0
1422,9.0,5.0,2.0
1423,7.0,4.0,2.0
1424,1.0,1.0,1.0
1425,1.0,1.0,1.0
1426,1.0,1.0,1.0
1427,1.0,1.0,1.0
1428,1.0,1.0,1.0
1429,6.0,2.0,1.0
1430,4.0,2.0,1.0
1431,4.0,2.0,1.0
1432,4.0,2.0,1.0
1433,6.0,2.0,4.0
1434,5.0,1.0,4.0
1435,1.0,1.0,4.0
1436,4.0,1.0,4.0
1437,4.0,1.0,4.0
1438,1.0,1.0,1.0
1439,1.0,1.0,1.0
1440,1.0,1.0,2.0
1441,1.0,1.0,2.0
1442,1.0,1.0,2.0
1443,2.0,1.0,2.0
1444,2.0,1.0,2.0
1445,2.0,1.0,2.0
1446,2.0,1.0,2.0
1447,2.0,1.0,2.0
1448,2.0,1.0,2.0
1449,2.0,1.0,3.0
1450,6.0,2.0,1.0
1451,3.0,1.0,2.0
1452,3.0,1.0,2.0
1453,5.0,2.0,4.0
1454,1.0,2.0,3.0
1455,1.0,9.0,3.0
1456,1.0,4.0,4.0
1457,1.0,6.0,10.0
1458,6.0,1.0,10.0
1459,2.0,7.0,10.0
1460,6.0,7.0,10.0
1461,2.0,3.0,2.0
1462,9.0,4.0,2.0
1463,8.0,3.0,2.0
1464,2.0,7.0,1.0
1465,1.0,4.0,10.0
1466,1.0,4.0,2.0
1467,6.0,4.0,2.0
1468,6.0,4.0,2.0
1469,3.0,4.0,2.0
1470,3.0,4.0,2.0
1471,3.0,4.0,2.0
1472,3.0,4.0,2.0
1473,3.0,4.0,2.0
1474,3.0,2.0,2.0
1475,3.0,2.0,2.0
1476,3.0,2.0,2.0
1477,3.0,2.0,2.0
1478,1.0,2.0,2.0
1479,1.0,2.0,3.0
1480,1.0,2.0,1.0
1481,1.0,2.0,4.0
1482,1.0,2.0,6.0
1483,1.0,2.0,1.0
1484,1.0,5.0,1.0
1485,2.0,5.0,3.0
1486,3.0,5.0,3.0
1487,3.0,1.0,4.0
1488,3.0,1.0,2.0
1489,3.0,1.0,2.0
1490,2.0,4.0,3.0
1491,2.0,3.0,10.0
1492,1.0,3.0,10.0
1493,7.0,1.0,4.0
1494,2.0,1.0,4.0
1495,5.0,2.0,3.0
1496,5.0,2.0,3.0
1497,4.0,1.0,3.0
1498,4.0,1.0,3.0
1499,4.0,1.0,3.0
1500,3.0,1.0,3.0
1501,2.0,1.0,6.0
1502,7.0,1.0,3.0
1503,7.0,1.0,3.0
1504,3.0,1.0,2.0
1505,3.0,1.0,1.0
1506,3.0,1.0,1.0
1507,2.0,2.0,2.0
1508,3.0,3.0,1.0
1509,3.0,1.0,1.0
1510,1.0,10.0,2.0
1511,1.0,4.0,1.0
1512,6.0,3.0,6.0
1513,1.0,1.0,1.0
1514,6.0,1.0,3.0
1515,3.0,1.0,4.0
1516,2.0,5.0,3.0
1517,2.0,5.0,2.0
1518,2.0,5.0,2.0
1519,2.0,5.0,4.0
1520,4.0,5.0,4.0
1521,4.0,5.0,1.0
1522,1.0,5.0,1.0
1523,1.0,5.0,1.0
1524,1.0,5.0,1.0
1525,1.0,4.0,1.0
1526,1.0,3.0,1.0
1527,1.0,1.0,2.0
1528,1.0,1.0,2.0
1529,1.0,1.0,1.0
1530,1.0,1.0,1.0
1531,1.0,1.0,1.0
1532,2.0,1.0,1.0
1533,1.0,1.0,1.0
1534,1.0,1.0,1.0
1535,1.0,1.0,1.0
1536,1.0,1.0,1.0
1537,1.0,1.0,1.0
1538,1.0,1.0,1.0
1539,1.0,1.0,1.0
1540,1.0,1.0,1.0
1541,1.0,1.0,1.0
1542,1.0,1.0,1.0
1543,1.0,1.0,1.0
1544,1.0,1.0,2.0
1545,1.0,3.0,1.0
1546,1.0,3.0,1.0
1547,1.0,10.0,5.0
1548,1.0,2.0,4.0
1549,1.0,10.0,2.0
1550,1.0,2.0,2.0
1551,1.0,2.0,2.0
1552,4.0,2.0,2.0
1553,3.0,6.0,2.0
1554,1.0,6.0,2.0
1555,1.0,6.0,4.0
1556,2.0,6.0,1.0
1557,1.0,6.0,3.0
1558,1.0,6.0,3.0
1559,1.0,6.0,6.0
1560,1.0,6.0,6.0
1561,1.0,6.0,6.0
1562,4.0,6.0,7.0
1563,4.0,6.0,6.0
1564,1.0,7.0,2.0
1565,6.0,7.0,4.0
1566,5.0,5.0,4.0
1567,3.0,3.0,3.0
1568,1.0,3.0,1.0
1569,1.0,1.0,1.0
1570,1.0,1.0,1.0
1571,1.0,1.0,1.0
1572,8.0,1.0,1.0
1573,2.0,2.0,2.0
1574,1.0,1.0,1.0
1575,1.0,1.0,1.0
1576,1.0,1.0,1.0
1577,1.0,1.0,1.0
1578,1.0,3.0,1.0
1579,1.0,1.0,3.0
1580,1.0,1.0,1.0
1581,2.0,1.0,2.0
1582,1.0,4.0,2.0
1583,1.0,2.0,9.0
1584,1.0,2.0,3.0
1585,10.0,2.0,1.0
1586,2.0,4.0,1.0
1587,2.0,7.0,1.0
1588,1.0,3.0,1.0
1589,1.0,7.0,1.0
1590,1.0,3.0,1.0
1591,2.0,2.0,2.0
1592,2.0,3.0,2.0
1593,1.0,1.0,2.0
1594,3.0,1.0,1.0
1595,4.0,3.0,4.0
1596,4.0,1.0,1.0
1597,1.0,2.0,1.0
1598,1.0,3.0,1.0
1599,3.0,4.0,2.0
1600,3.0,6.0,7.0
1601,3.0,4.0,3.0
1602,3.0,4.0,7.0
1603,3.0,4.0,7.0
1604,6.0,7.0,1.0
1605,2.0,7.0,7.0
1606,2.0,7.0,7.0
1607,2.0,4.0,3.0
1608,9.0,4.0,8.0
1609,1.0,2.0,5.0
1610,1.0,7.0,5.0
1611,1.0,7.0,2.0
1612,2.0,3.0,2.0
1613,5.0,3.0,2.0
1614,5.0,3.0,3.0
1615,5.0,2.0,2.0
1616,5.0,7.0,4.0
1617,6.0,3.0,2.0
1618,6.0,3.0,2.0
1619,2.0,3.0,2.0
1620,2.0,3.0,2.0
1621,2.0,3.0,2.0
1622,2.0,3.0,2.0
1623,2.0,1.0,2.0
1624,2.0,2.0,1.0
1625,5.0,1.0,1.0
1626,2.0,1.0,1.0
1627,3.0,1.0,1.0
1628,3.0,1.0,1.0
1629,3.0,1.0,1.0
1630,3.0,1.0,1.0
1631,3.0,1.0,1.0
1632,3.0,1.0,1.0
1633,3.0,1.0,1.0
1634,3.0,1.0,1.0
1635,3.0,1.0,1.0
1636,3.0,1.0,1.0
1637,3.0,1.0,1.0
1638,3.0,1.0,1.0
1639,4.0,3.0,4.0
1640,2.0,6.0,2.0
1641,2.0,3.0,2.0
1642,2.0,8.0,2.0
1643,2.0,1.0,2.0
1644,3.0,1.0,2.0
1645,3.0,1.0,2.0
1646,3.0,1.0,2.0
1647,3.0,1.0,2.0
1648,3.0,1.0,2.0
1649,3.0,4.0,2.0
1650,1.0,4.0,3.0
1651,2.0,4.0,2.0
1652,2.0,4.0,1.0
1653,2.0,3.0,1.0
1654,2.0,3.0,2.0
1655,2.0,3.0,2.0
1656,2.0,5.0,2.0
1657,2.0,5.0,2.0
1658,2.0,5.0,2.0
1659,2.0,8.0,2.0
1660,2.0,5.0,2.0
1661,2.0,1.0,2.0
1662,2.0,7.0,2.0
1663,2.0,1.0,2.0
1664,2.0,1.0,2.0
1665,2.0,1.0,2.0
1666,2.0,1.0,2.0
1667,2.0,1.0,2.0
1668,2.0,3.0,2.0
1669,2.0,3.0,2.0
1670,2.0,6.0,2.0
1671,1.0,4.0,1.0
1672,1.0,4.0,5.0
1673,1.0,3.0,1.0
1674,1.0,1.0,1.0
1675,1.0,1.0,1.0
1676,1.0,1.0,1.0
1677,1.0,1.0,1.0
1678,1.0,1.0,1.0
1679,1.0,1.0,1.0
1680,1.0,1.0,1.0
1681,1.0,1.0,1.0
1682,1.0,1.0,1.0
1683,1.0,3.0,1.0
1684,1.0,1.0,1.0
1685,1.0,1.0,1.0
1686,1.0,1.0,1.0
1687,1.0,1.0,1.0
1688,1.0,1.0,1.0
1689,1.0,1.0,1.0
1690,1.0,1.0,1.0
1691,2.0,6.0,3.0
1692,2.0,1.0,1.0
1693,3.0,3.0,6.0
1694,2.0,3.0,2.0
1695,4.0,1.0,2.0
1696,1.0,2.0,2.0
1697,1.0,2.0,4.0
1698,1.0,2.0,3.0
1699,4.0,2.0,1.0
1700,1.0,2.0,1.0
1701,1.0,2.0,1.0
1702,4.0,1.0,5.0
1703,7.0,3.0,3.0
1704,1.0,3.0,2.0
1705,2.0,3.0,2.0
1706,2.0,3.0,5.0
1707,10.0,1.0,4.0
1708,10.0,1.0,4.0
1709,3.0,1.0,3.0
1710,3.0,1.0,3.0
1711,3.0,1.0,8.0
1712,4.0,1.0,2.0
1713,2.0,1.0,4.0
1714,2.0,1.0,7.0
1715,4.0,2.0,5.0
1716,2.0,2.0,2.0
1717,1.0,3.0,3.0
1718,1.0,2.0,8.0
1719,5.0,2.0,3.0
1720,3.0,8.0,7.0
1721,9.0,4.0,2.0
1722,9.0,6.0,3.0
1723,4.0,5.0,5.0
1724,2.0,5.0,5.0
1725,4.0,5.0,5.0
1726,8.0,5.0,5.0
1727,4.0,2.0,2.0
1728,4.0,2.0,1.0
1729,2.0,1.0,1.0
1730,6.0,2.0,3.0
1731,10.0,2.0,7.0
1732,1.0,2.0,2.0
1733,1.0,3.0,3.0
1734,2.0,3.0,3.0
1735,1.0,3.0,3.0
1736,2.0,3.0,3.0
1737,1.0,3.0,1.0
1738,2.0,3.0,2.0
1739,1.0,4.0,4.0
1740,2.0,4.0,4.0
1741,2.0,4.0,4.0
1742,2.0,4.0,4.0
1743,2.0,4.0,4.0
1744,2.0,4.0,4.0
1745,2.0,4.0,4.0
1746,2.0,4.0,4.0
1747,2.0,4.0,5.0
1748,7.0,4.0,5.0
1749,7.0,9.0,7.0
1750,3.0,5.0,8.0
1751,8.0,3.0,1.0
1752,3.0,5.0,5.0
1753,9.0,6.0,3.0
1754,4.0,6.0,10.0
1755,4.0,6.0,10.0
1756,4.0,10.0,10.0
1757,4.0,10.0,6.0
1758,4.0,7.0,6.0
1759,4.0,2.0,2.0
1760,4.0,1.0,7.0
1761,4.0,1.0,1.0
1762,4.0,5.0,5.0
1763,1.0,3.0,5.0
1764,4.0,5.0,4.0
1765,2.0,3.0,2.0
1766,3.0,3.0,2.0
1767,7.0,3.0,7.0
1768,2.0,1.0,2.0
1769,2.0,1.0,2.0
1770,2.0,1.0,2.0
1771,2.0,1.0,2.0
1772,2.0,1.0,2.0
1773,2.0,1.0,2.0
1774,2.0,1.0,2.0
1775,2.0,1.0,2.0
1776,2.0,1.0,10.0
1777,2.0,1.0,5.0
1778,2.0,8.0,1.0
1779,2.0,8.0,1.0
1780,2.0,8.0,1.0
1781,4.0,8.0,4.0
1782,4.0,9.0,4.0
1783,2.0,3.0,3.0
1784,2.0,1.0,3.0
1785,2.0,5.0,1.0
1786,1.0,4.0,1.0
1787,1.0,4.0,7.0
1788,1.0,4.0,2.0
1789,2.0,4.0,2.0
1790,2.0,1.0,2.0
1791,2.0,1.0,2.0
1792,2.0,4.0,2.0
1793,2.0,3.0,2.0
1794,8.0,3.0,2.0
1795,6.0,2.0,6.0
1796,6.0,2.0,5.0
1797,6.0,7.0,1.0
1798,1.0,7.0,2.0
1799,1.0,7.0,2.0
1800,1.0,7.0,5.0
1801,3.0,10.0,4.0
1802,1.0,7.0,3.0
1803,1.0,4.0,1.0
1804,1.0,4.0,1.0
1805,2.0,4.0,1.0
1806,2.0,4.0,8.0
1807,4.0,1.0,1.0
1808,6.0,1.0,2.0
1809,6.0,1.0,2.0
1810,6.0,1.0,7.0
1811,6.0,5.0,7.0
1812,6.0,5.0,1.0
1813,3.0,6.0,7.0
1814,1.0,3.0,2.0
1815,10.0,3.0,2.0
1816,10.0,3.0,4.0
1817,6.0,5.0,3.0
1818,3.0,7.0,10.0
1819,3.0,2.0,3.0
1820,8.0,6.0,10.0
1821,8.0,3.0,6.0
1822,9.0,1.0,9.0
1823,5.0,1.0,4.0
1824,3.0,1.0,4.0
1825,3.0,1.0,3.0
1826,3.0,1.0,1.0
1827,2.0,1.0,1.0
1828,2.0,5.0,1.0
1829,2.0,5.0,4.0
1830,7.0,6.0,5.0
1831,2.0,4.0,5.0
1832,1.0,3.0,1.0
1833,1.0,4.0,1.0
1834,1.0,4.0,1.0
1835,3.0,4.0,2.0
1836,3.0,4.0,5.0
1837,5.0,1.0,3.0
1838,2.0,3.0,1.0
1839,1.0,7.0,1.0
1840,1.0,7.0,1.0
1841,1.0,7.0,1.0
1842,1.0,7.0,8.0
1843,2.0,10.0,3.0
1844,3.0,10.0,4.0
1845,3.0,10.0,7.0
1846,3.0,1.0,1.0
1847,2.0,4.0,1.0
1848,6.0,7.0,7.0
1849,6.0,2.0,3.0
1850,1.0,2.0,3.0
1851,1.0,2.0,3.0
1852,1.0,5.0,3.0
1853,2.0,4.0,2.0
1854,4.0,4.0,1.0
1855,2.0,4.0,1.0
1856,2.0,4.0,1.0
1857,2.0,4.0,1.0
1858,2.0,4.0,3.0
1859,2.0,1.0,3.0
1860,2.0,1.0,3.0
1861,2.0,1.0,3.0
1862,2.0,1.0,3.0
1863,2.0,1.0,1.0
1864,3.0,1.0,1.0
1865,2.0,1.0,1.0
1866,2.0,1.0,1.0
1867,2.0,1.0,1.0
1868,2.0,1.0,3.0
1869,2.0,1.0,1.0
1870,2.0,1.0,1.0
1871,2.0,1.0,1.0
1872,4.0,1.0,2.0
1873,4.0,1.0,3.0
1874,4.0,1.0,2.0
1875,4.0,6.0,4.0
1876,1.0,6.0,1.0
1877,1.0,6.0,1.0
1878,1.0,2.0,1.0
1879,1.0,5.0,1.0
1880,1.0,5.0,4.0
1881,1.0,1.0,4.0
1882,1.0,1.0,2.0
1883,1.0,1.0,2.0
1884,1.0,1.0,2.0
1885,2.0,2.0,1.0
1886,2.0,2.0,1.0
1887,4.0,1.0,1.0
1888,4.0,1.0,1.0
1889,4.0,3.0,3.0
1890,4.0,9.0,1.0
1891,4.0,1.0,6.0
1892,4.0,2.0,1.0
1893,4.0,2.0,7.0
1894,4.0,2.0,4.0
1895,4.0,2.0,4.0
1896,4.0,2.0,4.0
1897,4.0,2.0,1.0
1898,1.0,2.0,1.0
1899,3.0,2.0,1.0
1900,1.0,2.0,1.0
1901,3.0,2.0,1.0
1902,3.0,1.0,1.0
1903,3.0,1.0,1.0
1904,5.0,1.0,1.0
1905,2.0,1.0,2.0
1906,2.0,1.0,1.0
1907,3.0,5.0,3.0
1908,3.0,5.0,3.0
1909,3.0,4.0,3.0
1910,3.0,4.0,6.0
1911,7.0,1.0,2.0
1912,2.0,1.0,5.0
1913,3.0,4.0,1.0
1914,2.0,6.0,3.0
1915,2.0,7.0,2.0
1916,2.0,5.0,2.0
1917,4.0,8.0,4.0
1918,2.0,3.0,1.0
1919,2.0,3.0,2.0
1920,2.0,4.0,2.0
1921,2.0,1.0,7.0
1922,2.0,1.0,5.0
1923,2.0,1.0,1.0
1924,5.0,3.0,1.0
1925,5.0,1.0,1.0
1926,2.0,2.0,2.0
1927,5.0,5.0,5.0
1928,2.0,3.0,3.0
1929,2.0,5.0,2.0
1930,2.0,3.0,4.0
1931,2.0,3.0,2.0
1932,2.0,3.0,2.0
1933,1.0,3.0,1.0
1934,1.0,2.0,2.0
1935,3.0,2.0,2.0
1936,2.0,2.0,2.0
1937,2.0,2.0,2.0
1938,2.0,2.0,2.0
1939,2.0,2.0,2.0
1940,7.0,2.0,7.0
1941,10.0,1.0,4.0
1942,1.0,1.0,1.0
1943,4.0,2.0,1.0
1944,3.0,3.0,1.0
1945,1.0,1.0,1.0
1946,1.0,1.0,1.0
1947,8.0,5.0,3.0
1948,2.0,5.0,1.0
1949,2.0,5.0,3.0
1950,4.0,5.0,3.0
1951,3.0,5.0,2.0
1952,3.0,5.0,2.0
1953,1.0,8.0,1.0
1954,2.0,2.0,1.0
1955,3.0,2.0,2.0
1956,8.0,2.0,2.0
1957,6.0,2.0,2.0
1958,1.0,1.0,1.0
1959,1.0,1.0,1.0
1960,1.0,7.0,3.0
1961,7.0,3.0,8.0
1962,1.0,2.0,1.0
1963,1.0,2.0,1.0
1964,1.0,2.0,5.0
1965,6.0,4.0,10.0
1966,6.0,4.0,1.0
1967,6.0,4.0,1.0
1968,9.0,4.0,10.0
1969,6.0,2.0,10.0
1970,6.0,2.0,6.0
1971,2.0,3.0,9.0
1972,2.0,2.0,2.0
1973,2.0,3.0,3.0
1974,2.0,2.0,1.0
1975,4.0,2.0,9.0
1976,1.0,2.0,1.0
1977,6.0,2.0,9.0
1978,6.0,1.0,2.0
1979,4.0,1.0,6.0
1980,2.0,1.0,5.0
1981,2.0,1.0,2.0
1982,4.0,10.0,8.0
1983,2.0,10.0,4.0
1984,2.0,10.0,8.0
1985,2.0,2.0,6.0
1986,5.0,2.0,1.0
1987,2.0,2.0,1.0
1988,2.0,2.0,5.0
1989,2.0,4.0,5.0
1990,2.0,4.0,2.0
1991,4.0,4.0,5.0
1992,4.0,2.0,2.0
1993,3.0,1.0,3.0
1994,3.0,2.0,2.0
1995,3.0,7.0,1.0
1996,3.0,1.0,3.0
1997,4.0,1.0,3.0
1998,4.0,1.0,3.0
1999,4.0,1.0,3.0
2000,5.0,1.0,2.0
2001,5.0,2.0,2.0
2002,5.0,2.0,6.0
2003,5.0,1.0,4.0
2004,2.0,3.0,3.0
2005,2.0,3.0,1.0
2006,2.0,3.0,3.0
2007,6.0,1.0,3.0
2008,7.0,3.0,3.0
2009,7.0,3.0,3.0
2010,7.0,3.0,5.0
2011,1.0,3.0,1.0
2012,4.0,10.0,6.0
2013,4.0,5.0,9.0
2014,4.0,5.0,5.0
2015,2.0,9.0,5.0
2016,5.0,8.0,10.0
2017,3.0,1.0,1.0
2018,3.0,5.0,1.0
2019,3.0,1.0,1.0
2020,6.0,1.0,1.0
2021,6.0,1.0,1.0
2022,4.0,1.0,1.0
2023,4.0,1.0,1.0
2024,4.0,1.0,1.0
2025,4.0,1.0,1.0
2026,4.0,1.0,1.0
2027,4.0,2.0,2.0
2028,4.0,2.0,2.0
2029,4.0,3.0,2.0
2030,4.0,2.0,2.0
2031,4.0,6.0,2.0
2032,4.0,4.0,4.0
2033,2.0,3.0,1.0
2034,2.0,3.0,5.0
2035,2.0,3.0,4.0
2036,2.0,3.0,2.0
2037,2.0,7.0,2.0
2038,3.0,4.0,2.0
2039,3.0,7.0,2.0
2040,6.0,7.0,2.0
2041,6.0,7.0,2.0
2042,3.0,7.0,4.0
2043,7.0,8.0,7.0
2044,1.0,2.0,1.0
2045,3.0,2.0,5.0
2046,3.0,2.0,3.0
2047,3.0,2.0,3.0
2048,3.0,2.0,3.0
2049,10.0,2.0,3.0
2050,3.0,2.0,3.0
2051,3.0,2.0,1.0
2052,3.0,2.0,1.0
2053,3.0,2.0,1.0
2054,3.0,2.0,1.0
2055,4.0,2.0,1.0
2056,3.0,2.0,1.0
2057,2.0,3.0,3.0
2058,2.0,3.0,2.0
2059,2.0,1.0,2.0
2060,3.0,1.0,4.0
2061,10.0,1.0,3.0
2062,10.0,4.0,3.0
2063,3.0,1.0,5.0
2064,3.0,1.0,2.0
2065,2.0,2.0,2.0
2066,1.0,2.0,1.0
2067,1.0,2.0,1.0
2068,1.0,2.0,1.0
2069,1.0,2.0,1.0
2070,1.0,2.0,1.0
2071,1.0,3.0,1.0
2072,1.0,3.0,1.0
2073,1.0,3.0,1.0
2074,1.0,2.0,5.0
2075,1.0,2.0,1.0
2076,1.0,2.0,1.0
2077,1.0,4.0,1.0
2078,1.0,4.0,1.0
2079,10.0,5.0,1.0
2080,1.0,5.0,4.0
2081,1.0,5.0,1.0
2082,1.0,3.0,1.0
2083,1.0,2.0,1.0
2084,1.0,3.0,1.0
2085,1.0,3.0,1.0
2086,1.0,3.0,1.0
2087,1.0,3.0,1.0
2088,1.0,4.0,4.0
2089,1.0,4.0,4.0
2090,1.0,4.0,1.0
2091,1.0,3.0,1.0
2092,1.0,3.0,1.0
2093,1.0,3.0,1.0
2094,1.0,3.0,1.0
2095,1.0,3.0,1.0
2096,1.0,3.0,1.0
2097,1.0,3.0,1.0
2098,1.0,3.0,1.0
2099,1.0,3.0,1.0
2100,1.0,3.0,1.0
2101,2.0,3.0,1.0
2102,2.0,4.0,1.0
2103,2.0,4.0,1.0
2104,2.0,3.0,1.0
2105,2.0,3.0,1.0
2106,2.0,3.0,1.0
2107,2.0,3.0,1.0
2108,2.0,10.0,1.0
2109,2.0,3.0,1.0
2110,2.0,3.0,3.0
2111,2.0,7.0,1.0
2112,2.0,3.0,2.0
2113,4.0,3.0,4.0
2114,4.0,3.0,4.0
2115,5.0,3.0,4.0
2116,3.0,1.0,2.0
2117,2.0,3.0,2.0
2118,7.0,3.0,7.0
2119,2.0,3.0,2.0
2120,2.0,3.0,2.0
2121,2.0,3.0,2.0
2122,2.0,7.0,2.0
2123,6.0,3.0,6.0
2124,4.0,3.0,9.0
2125,6.0,3.0,9.0
2126,6.0,5.0,9.0
2127,6.0,10.0,6.0
2128,6.0,10.0,6.0
2129,7.0,1.0,2.0
2130,2.0,1.0,7.0
2131,7.0,1.0,2.0
2132,7.0,1.0,2.0
2133,7.0,10.0,9.0
2134,7.0,1.0,4.0
2135,7.0,1.0,2.0
2136,7.0,1.0,2.0
2137,7.0,1.0,2.0
2138,7.0,1.0,2.0
2139,7.0,1.0,2.0
2140,7.0,1.0,2.0
2141,7.0,1.0,4.0
2142,7.0,1.0,2.0
2143,2.0,1.0,2.0
2144,2.0,1.0,4.0
2145,7.0,1.0,4.0
2146,7.0,1.0,2.0
2147,2.0,1.0,4.0
2148,7.0,10.0,3.0
2149,2.0,1.0,2.0
2150,2.0,1.0,2.0
2151,2.0,1.0,4.0
2152,7.0,1.0,2.0
2153,7.0,8.0,2.0
2154,7.0,10.0,2.0
2155,7.0,10.0,2.0
2156,7.0,1.0,2.0
2157,7.0,1.0,2.0
2158,7.0,1.0,5.0
2159,7.0,10.0,2.0
2160,7.0,1.0,2.0
2161,7.0,1.0,2.0
2162,7.0,1.0,1.0
2163,7.0,1.0,1.0
2164,6.0,1.0,1.0
2165,6.0,1.0,1.0
2166,6.0,1.0,1.0
2167,6.0,1.0,1.0
2168,6.0,1.0,1.0
2169,6.0,1.0,1.0
2170,6.0,1.0,1.0
2171,4.0,1.0,1.0
2172,5.0,3.0,1.0
2173,2.0,6.0,2.0
2174,2.0,6.0,2.0
2175,2.0,3.0,1.0
2176,1.0,3.0,1.0
2177,1.0,3.0,1.0
2178,1.0,3.0,1.0
2179,1.0,3.0,1.0
2180,1.0,3.0,1.0
2181,1.0,2.0,1.0
2182,1.0,2.0,1.0
2183,1.0,2.0,1.0
2184,3.0,2.0,1.0
2185,1.0,2.0,1.0
2186,1.0,2.0,1.0
2187,1.0,2.0,1.0
2188,1.0,2.0,1.0
2189,1.0,2.0,1.0
2190,3.0,1.0,1.0
2191,2.0,1.0,1.0
2192,5.0,1.0,1.0
2193,10.0,2.0,1.0
2194,10.0,2.0,10.0
2195,10.0,8.0,10.0
2196,10.0,8.0,10.0
2197,10.0,8.0,10.0
2198,10.0,8.0,10.0
2199,10.0,2.0,10.0
2200,4.0,1.0,3.0
2201,4.0,1.0,3.0
2202,4.0,2.0,1.0
2203,4.0,2.0,4.0
2204,4.0,2.0,5.0
2205,5.0,2.0,5.0
2206,4.0,2.0,6.0
2207,4.0,2.0,3.0
2208,3.0,2.0,3.0
2209,3.0,2.0,4.0
2210,3.0,2.0,4.0
2211,3.0,2.0,4.0
2212,3.0,2.0,4.0
2213,3.0,2.0,4.0
2214,3.0,2.0,1.0
2215,3.0,2.0,1.0
2216,3.0,2.0,1.0
2217,3.0,2.0,10.0
2218,1.0,2.0,3.0
2219,4.0,5.0,6.0
2220,1.0,2.0,1.0
2221,1.0,2.0,3.0
2222,1.0,2.0,1.0
2223,1.0,2.0,1.0
2224,1.0,2.0,1.0
2225,1.0,2.0,3.0
2226,1.0,2.0,3.0
2227,3.0,2.0,3.0
2228,7.0,5.0,7.0
2229,3.0,2.0,10.0
2230,3.0,2.0,4.0
2231,6.0,2.0,8.0
2232,4.0,2.0,4.0
2233,1.0,2.0,3.0
2234,1.0,2.0,4.0
2235,1.0,2.0,5.0
2236,1.0,2.0,1.0
2237,1.0,2.0,1.0
2238,1.0,2.0,1.0
2239,1.0,9.0,1.0
2240,1.0,5.0,1.0
2241,1.0,2.0,1.0
2242,1.0,4.0,1.0
2243,1.0,2.0,1.0
2244,3.0,2.0,1.0
2245,6.0,2.0,1.0
2246,1.0,2.0,2.0
2247,10.0,2.0,5.0
2248,1.0,3.0,1.0
2249,1.0,4.0,1.0
2250,1.0,6.0,1.0
2251,1.0,3.0,1.0
2252,10.0,3.0,4.0
2253,5.0,3.0,1.0
2254,5.0,3.0,4.0
2255,4.0,1.0,2.0
2256,4.0,1.0,1.0
2257,4.0,1.0,1.0
2258,2.0,1.0,1.0
2259,4.0,1.0,1.0
2260,2.0,1.0,1.0
2261,6.0,1.0,1.0
2262,2.0,4.0,4.0
2263,2.0,4.0,1.0
2264,2.0,4.0,1.0
2265,2.0,4.0,5.0
2266,2.0,4.0,5.0
2267,2.0,4.0,1.0
2268,2.0,4.0,5.0
2269,2.0,4.0,5.0
2270,1.0,3.0,1.0
2271,1.0,3.0,1.0
2272,2.0,4.0,2.0
2273,2.0,4.0,2.0
2274,2.0,4.0,2.0
2275,2.0,4.0,2.0
2276,2.0,3.0,8.0
2277,2.0,1.0,1.0
2278,2.0,1.0,1.0
2279,1.0,3.0,1.0
2280,1.0,3.0,1.0
2281,1.0,3.0,1.0
2282,1.0,2.0,1.0
2283,1.0,2.0,1.0
2284,1.0,2.0,1.0
2285,1.0,2.0,1.0
2286,1.0,2.0,1.0
2287,1.0,4.0,1.0
2288,1.0,2.0,1.0
2289,1.0,5.0,1.0
2290,1.0,3.0,1.0
2291,1.0,2.0,1.0
2292,1.0,2.0,1.0
2293,1.0,2.0,1.0
2294,1.0,4.0,1.0
2295,1.0,4.0,1.0
2296,3.0,4.0,3.0
2297,3.0,6.0,3.0
2298,1.0,8.0,3.0
2299,2.0,8.0,2.0
2300,7.0,8.0,7.0
2301,7.0,2.0,4.0
2302,6.0,2.0,2.0
2303,1.0,3.0,2.0
2304,1.0,1.0,1.0
2305,3.0,8.0,3.0
2306,3.0,4.0,1.0
2307,2.0,9.0,2.0
2308,2.0,1.0,2.0
2309,2.0,1.0,2.0
2310,9.0,1.0,2.0
2311,2.0,1.0,2.0
2312,2.0,1.0,2.0
2313,2.0,1.0,2.0
2314,2.0,1.0,2.0
2315,2.0,1.0,2.0
2316,2.0,1.0,2.0
2317,2.0,1.0,2.0
2318,2.0,1.0,2.0
2319,2.0,1.0,2.0
2320,2.0,1.0,2.0
2321,2.0,1.0,2.0
2322,2.0,1.0,2.0
2323,2.0,1.0,2.0
2324,2.0,1.0,2.0
2325,2.0,1.0,2.0
2326,2.0,3.0,2.0
2327,2.0,1.0,2.0
2328,2.0,1.0,2.0
2329,3.0,1.0,4.0
2330,3.0,1.0,3.0
2331,2.0,1.0,3.0
2332,2.0,1.0,3.0
2333,2.0,1.0,3.0
2334,4.0,1.0,3.0
2335,2.0,1.0,5.0
2336,2.0,1.0,3.0
2337,2.0,1.0,3.0
2338,2.0,1.0,2.0
2339,2.0,1.0,2.0
2340,6.0,7.0,2.0
2341,6.0,7.0,4.0
2342,7.0,2.0,3.0
2343,1.0,3.0,1.0
2344,8.0,1.0,2.0
2345,6.0,4.0,2.0
2346,6.0,4.0,5.0
2347,2.0,4.0,2.0
2348,2.0,4.0,2.0
2349,2.0,4.0,2.0
2350,2.0,4.0,2.0
2351,1.0,8.0,2.0
2352,2.0,4.0,2.0
2353,8.0,4.0,7.0
2354,3.0,4.0,7.0
2355,3.0,4.0,3.0
2356,3.0,4.0,3.0
2357,3.0,4.0,1.0
2358,3.0,5.0,1.0
2359,3.0,5.0,1.0
2360,7.0,5.0,1.0
2361,1.0,5.0,1.0
2362,1.0,5.0,1.0
2363,3.0,8.0,10.0
2364,5.0,8.0,4.0
2365,5.0,1.0,1.0
2366,3.0,1.0,1.0
2367,2.0,5.0,1.0
2368,2.0,3.0,1.0
2369,7.0,6.0,7.0
2370,2.0,6.0,2.0
2371,2.0,6.0,4.0
2372,2.0,6.0,4.0
2373,2.0,6.0,4.0
2374,3.0,7.0,3.0
2375,3.0,7.0,1.0
2376,3.0,7.0,1.0
2377,2.0,7.0,4.0
2378,1.0,1.0,1.0
2379,1.0,1.0,1.0
2380,1.0,1.0,1.0
2381,1.0,1.0,1.0
2382,1.0,1.0,1.0
2383,1.0,3.0,1.0
2384,6.0,2.0,4.0
2385,10.0,1.0,6.0
2386,10.0,1.0,9.0
2387,2.0,3.0,6.0
2388,4.0,3.0,7.0
2389,2.0,6.0,6.0
2390,4.0,3.0,1.0
2391,4.0,3.0,4.0
2392,3.0,3.0,4.0
2393,8.0,3.0,4.0
2394,4.0,3.0,4.0
2395,4.0,3.0,4.0
2396,6.0,3.0,4.0
2397,4.0,3.0,4.0
2398,4.0,3.0,4.0
2399,4.0,3.0,1.0
2400,4.0,3.0,1.0
2401,4.0,3.0,1.0
2402,2.0,3.0,4.0
2403,2.0,3.0,4.0
2404,2.0,10.0,7.0
2405,2.0,7.0,7.0
2406,2.0,6.0,6.0
2407,2.0,1.0,1.0
2408,2.0,1.0,3.0
2409,2.0,1.0,3.0
2410,1.0,8.0,3.0
2411,2.0,4.0,2.0
2412,3.0,5.0,2.0
2413,3.0,1.0,2.0
2414,2.0,1.0,2.0
2415,4.0,1.0,4.0
2416,4.0,1.0,4.0
2417,4.0,3.0,4.0
2418,4.0,3.0,3.0
2419,4.0,3.0,3.0
2420,4.0,3.0,1.0
2421,1.0,3.0,1.0
2422,1.0,3.0,1.0
2423,1.0,3.0,1.0
2424,1.0,3.0,1.0
2425,1.0,4.0,1.0
2426,1.0,1.0,1.0
2427,1.0,1.0,1.0
2428,2.0,1.0,1.0
2429,2.0,1.0,1.0
2430,1.0,1.0,1.0
2431,1.0,1.0,1.0
2432,1.0,1.0,1.0
2433,1.0,1.0,1.0
2434,1.0,1.0,2.0
2435,1.0,1.0,1.0
2436,1.0,1.0,3.0
2437,3.0,3.0,3.0
2438,1.0,5.0,1.0
2439,3.0,2.0,3.0
2440,7.0,2.0,4.0
2441,8.0,6.0,4.0
2442,10.0,6.0,10.0
2443,3.0,6.0,9.0
2444,1.0,6.0,1.0
2445,10.0,6.0,1.0
2446,10.0,6.0,8.0
2447,2.0,4.0,1.0
2448,1.0,3.0,2.0
2449,1.0,3.0,2.0
2450,1.0,3.0,2.0
2451,1.0,4.0,2.0
2452,1.0,3.0,2.0
2453,1.0,3.0,2.0
2454,1.0,2.0,2.0
2455,1.0,2.0,2.0
2456,4.0,2.0,2.0
2457,1.0,2.0,2.0
2458,1.0,2.0,2.0
2459,4.0,2.0,2.0
2460,4.0,2.0,2.0
2461,4.0,2.0,2.0
2462,4.0,2.0,2.0
2463,4.0,5.0,8.0
2464,3.0,6.0,10.0
2465,2.0,6.0,2.0
2466,2.0,6.0,3.0
2467,2.0,6.0,4.0
2468,2.0,1.0,3.0
2469,2.0,3.0,3.0
2470,2.0,3.0,3.0
2471,2.0,1.0,1.0
2472,1.0,3.0,1.0
2473,1.0,3.0,1.0
2474,10.0,3.0,1.0
2475,4.0,3.0,1.0
2476,6.0,1.0,1.0
2477,6.0,1.0,1.0
2478,2.0,1.0,1.0
2479,2.0,3.0,1.0
2480,5.0,4.0,4.0
2481,1.0,4.0,2.0
2482,3.0,4.0,10.0
2483,5.0,4.0,2.0
2484,6.0,1.0,4.0
2485,6.0,1.0,1.0
2486,2.0,6.0,1.0
2487,2.0,6.0,3.0
2488,2.0,6.0,3.0
2489,2.0,3.0,3.0
2490,2.0,3.0,3.0
2491,2.0,3.0,3.0
2492,2.0,3.0,3.0
2493,2.0,1.0,1.0
2494,2.0,1.0,1.0
2495,2.0,1.0,1.0
2496,2.0,1.0,1.0
2497,2.0,1.0,1.0
2498,2.0,1.0,1.0
2499,2.0,1.0,1.0
2500,2.0,1.0,1.0
2501,2.0,1.0,1.0
2502,3.0,1.0,3.0
2503,2.0,4.0,3.0
2504,3.0,4.0,1.0
2505,2.0,4.0,1.0
2506,2.0,4.0,1.0
2507,2.0,4.0,1.0
2508,7.0,4.0,1.0
2509,2.0,6.0,1.0
2510,2.0,5.0,7.0
2511,2.0,8.0,1.0
2512,4.0,6.0,6.0
2513,4.0,3.0,3.0
2514,4.0,3.0,3.0
2515,4.0,3.0,3.0
2516,4.0,6.0,8.0
2517,2.0,8.0,8.0
2518,2.0,8.0,8.0
2519,10.0,8.0,8.0
2520,10.0,8.0,8.0
2521,10.0,8.0,8.0
2522,2.0,8.0,8.0
2523,2.0,8.0,6.0
2524,1.0,8.0,10.0
2525,1.0,8.0,3.0
2526,1.0,5.0,7.0
2527,3.0,5.0,5.0
2528,1.0,4.0,1.0
2529,1.0,2.0,1.0
2530,1.0,4.0,1.0
2531,1.0,3.0,1.0
2532,1.0,3.0,1.0
2533,1.0,1.0,1.0
2534,1.0,2.0,1.0
2535,1.0,2.0,1.0
2536,1.0,2.0,1.0
2537,1.0,2.0,1.0
2538,1.0,2.0,1.0
2539,1.0,2.0,1.0
2540,1.0,2.0,1.0
2541,1.0,4.0,1.0
2542,1.0,4.0,1.0
2543,1.0,4.0,2.0
2544,1.0,8.0,1.0
2545,1.0,4.0,1.0
2546,1.0,4.0,1.0
2547,1.0,4.0,1.0
2548,1.0,4.0,1.0
2549,1.0,4.0,1.0
2550,1.0,4.0,1.0
2551,1.0,4.0,1.0
2552,1.0,4.0,1.0
2553,1.0,4.0,1.0
2554,1.0,4.0,1.0
2555,1.0,4.0,1.0
2556,1.0,4.0,1.0
2557,1.0,4.0,1.0
2558,1.0,4.0,1.0
2559,1.0,4.0,8.0
2560,1.0,1.0,4.0
2561,1.0,1.0,8.0
2562,1.0,5.0,5.0
2563,1.0,10.0,5.0
2564,4.0,1.0,7.0
2565,3.0,8.0,1.0
2566,3.0,5.0,4.0
2567,4.0,1.0,1.0
2568,2.0,8.0,5.0
2569,1.0,8.0,3.0
2570,6.0,7.0,10.0
2571,1.0,7.0,5.0
2572,8.0,3.0,5.0
2573,6.0,3.0,2.0
2574,3.0,2.0,2.0
2575,1.0,2.0,1.0
2576,1.0,3.0,1.0
2577,1.0,2.0,8.0
2578,1.0,2.0,1.0
2579,8.0,2.0,1.0
2580,8.0,2.0,1.0
2581,8.0,7.0,2.0
2582,5.0,7.0,3.0
2583,8.0,6.0,3.0
2584,4.0,6.0,9.0
2585,4.0,6.0,3.0
2586,2.0,6.0,2.0
2587,1.0,6.0,3.0
2588,1.0,4.0,1.0
2589,1.0,4.0,1.0
2590,1.0,4.0,3.0
2591,1.0,1.0,4.0
2592,1.0,1.0,1.0
2593,3.0,1.0,1.0
2594,3.0,1.0,1.0
2595,4.0,1.0,1.0
2596,4.0,1.0,1.0
2597,2.0,1.0,3.0
2598,2.0,3.0,1.0
2599,2.0,1.0,1.0
2600,2.0,1.0,1.0
2601,6.0,1.0,2.0
2602,2.0,1.0,3.0
2603,3.0,1.0,1.0
2604,3.0,1.0,1.0
2605,3.0,1.0,1.0
2606,3.0,1.0,4.0
2607,3.0,10.0,4.0
2608,3.0,10.0,4.0
2609,3.0,2.0,4.0
2610,3.0,2.0,8.0
2611,10.0,2.0,1.0
2612,3.0,2.0,5.0
2613,3.0,2.0,4.0
2614,3.0,1.0,3.0
2615,3.0,1.0,3.0
2616,3.0,5.0,3.0
2617,3.0,2.0,3.0
2618,3.0,2.0,3.0
2619,3.0,6.0,3.0
2620,3.0,2.0,7.0
2621,1.0,10.0,2.0
2622,1.0,6.0,6.0
2623,1.0,7.0,6.0
2624,1.0,10.0,6.0
2625,3.0,5.0,1.0
2626,3.0,5.0,3.0
2627,9.0,5.0,3.0
2628,10.0,5.0,10.0
2629,7.0,5.0,7.0
2630,10.0,8.0,10.0
2631,3.0,8.0,5.0
2632,3.0,1.0,5.0
2633,4.0,1.0,2.0
2634,4.0,1.0,3.0
2635,4.0,1.0,2.0
2636,4.0,1.0,2.0
2637,4.0,1.0,5.0
2638,4.0,1.0,2.0
2639,4.0,1.0,5.0
2640,4.0,1.0,2.0
2641,4.0,1.0,5.0
2642,4.0,1.0,5.0
2643,4.0,1.0,2.0
2644,4.0,1.0,2.0
2645,4.0,1.0,5.0
2646,4.0,1.0,3.0
2647,4.0,1.0,3.0
2648,4.0,1.0,3.0
2649,4.0,1.0,3.0
2650,4.0,1.0,3.0
2651,4.0,1.0,3.0
2652,4.0,1.0,3.0
2653,4.0,1.0,3.0
2654,4.0,1.0,5.0
2655,4.0,1.0,3.0
2656,4.0,1.0,5.0
2657,4.0,1.0,3.0
2658,4.0,1.0,3.0
2659,4.0,1.0,3.0
2660,4.0,1.0,3.0
2661,4.0,1.0,3.0
2662,4.0,1.0,3.0
2663,4.0,1.0,3.0
2664,4.0,1.0,3.0
2665,4.0,1.0,3.0
2666,4.0,1.0,3.0
2667,4.0,1.0,3.0
2668,4.0,1.0,3.0
2669,4.0,1.0,3.0
2670,4.0,1.0,3.0
2671,4.0,1.0,5.0
2672,4.0,1.0,3.0
2673,4.0,1.0,5.0
2674,4.0,1.0,3.0
2675,4.0,1.0,3.0
2676,4.0,1.0,3.0
2677,4.0,1.0,3.0
2678,4.0,1.0,3.0
2679,4.0,1.0,3.0
2680,4.0,1.0,3.0
2681,4.0,1.0,3.0
2682,4.0,1.0,3.0
2683,4.0,1.0,3.0
2684,4.0,1.0,3.0
2685,4.0,1.0,3.0
2686,4.0,1.0,3.0
2687,4.0,1.0,3.0
2688,4.0,1.0,3.0
2689,4.0,1.0,3.0
2690,4.0,1.0,3.0
2691,4.0,1.0,3.0
2692,4.0,1.0,3.0
2693,4.0,1.0,3.0
2694,4.0,1.0,3.0
2695,4.0,1.0,3.0
2696,4.0,1.0,3.0
2697,4.0,1.0,3.0
2698,4.0,1.0,3.0
2699,4.0,1.0,3.0
2700,4.0,1.0,3.0
2701,4.0,1.0,3.0
2702,4.0,1.0,3.0
2703,4.0,1.0,3.0
2704,4.0,1.0,3.0
2705,4.0,1.0,3.0
2706,4.0,1.0,3.0
2707,4.0,1.0,3.0
2708,4.0,1.0,3.0
2709,4.0,1.0,3.0
2710,4.0,1.0,5.0
2711,4.0,1.0,3.0
2712,4.0,1.0,3.0
2713,4.0,1.0,3.0
2714,4.0,1.0,3.0
2715,4.0,1.0,3.0
2716,4.0,1.0,3.0
2717,4.0,1.0,3.0
2718,4.0,1.0,5.0
2719,4.0,1.0,3.0
2720,4.0,1.0,3.0
2721,4.0,1.0,3.0
2722,4.0,1.0,3.0
2723,4.0,1.0,3.0
2724,4.0,1.0,3.0
2725,4.0,1.0,3.0
2726,4.0,1.0,3.0
2727,4.0,1.0,3.0
2728,4.0,1.0,3.0
2729,4.0,1.0,3.0
2730,4.0,1.0,3.0
2731,4.0,1.0,3.0
2732,4.0,1.0,3.0
2733,4.0,1.0,3.0
2734,4.0,1.0,3.0
2735,4.0,1.0,3.0
2736,4.0,1.0,3.0
2737,4.0,1.0,3.0
2738,4.0,1.0,3.0
2739,4.0,1.0,3.0
2740,4.0,1.0,3.0
2741,4.0,1.0,3.0
2742,4.0,1.0,3.0
2743,4.0,1.0,3.0
2744,4.0,1.0,3.0
2745,4.0,1.0,3.0
2746,4.0,1.0,3.0
2747,4.0,1.0,3.0
2748,4.0,1.0,3.0
2749,4.0,1.0,3.0
2750,4.0,1.0,3.0
2751,4.0,1.0,3.0
2752,4.0,1.0,3.0
2753,4.0,1.0,3.0
2754,4.0,1.0,3.0
2755,4.0,1.0,3.0
2756,4.0,1.0,3.0
2757,2.0,1.0,2.0
2758,2.0,1.0,2.0
2759,2.0,1.0,3.0
2760,2.0,1.0,2.0
2761,3.0,4.0,10.0
2762,1.0,4.0,2.0
2763,2.0,4.0,8.0
2764,1.0,4.0,2.0
2765,3.0,4.0,2.0
2766,3.0,2.0,2.0
2767,3.0,2.0,2.0
2768,3.0,2.0,2.0
2769,3.0,10.0,2.0
2770,3.0,10.0,2.0
2771,3.0,6.0,2.0
2772,3.0,6.0,7.0
2773,3.0,3.0,4.0
2774,4.0,2.0,2.0
2775,3.0,2.0,2.0
2776,3.0,2.0,2.0
2777,3.0,4.0,2.0
2778,3.0,2.0,2.0
2779,3.0,2.0,2.0
2780,2.0,4.0,4.0
2781,6.0,1.0,3.0
2782,2.0,1.0,3.0
2783,2.0,1.0,2.0
2784,2.0,1.0,2.0
2785,2.0,1.0,2.0
2786,2.0,1.0,7.0
2787,2.0,10.0,5.0
2788,2.0,2.0,1.0
2789,9.0,2.0,4.0
2790,4.0,2.0,4.0
2791,5.0,4.0,5.0
2792,2.0,9.0,5.0
2793,2.0,9.0,4.0
2794,2.0,9.0,4.0
2795,2.0,9.0,4.0
2796,2.0,9.0,4.0
2797,2.0,9.0,4.0
2798,2.0,9.0,4.0
2799,2.0,9.0,6.0
2800,3.0,9.0,3.0
2801,3.0,9.0,5.0
2802,3.0,9.0,1.0
2803,1.0,2.0,1.0
2804,1.0,2.0,1.0
2805,3.0,2.0,1.0
2806,1.0,3.0,1.0
2807,1.0,2.0,1.0
2808,1.0,2.0,1.0
2809,1.0,2.0,1.0
2810,1.0,2.0,1.0
2811,1.0,3.0,1.0
2812,1.0,3.0,1.0
2813,1.0,3.0,1.0
2814,1.0,3.0,1.0
2815,1.0,3.0,1.0
2816,1.0,3.0,3.0
2817,1.0,3.0,1.0
2818,1.0,1.0,1.0
2819,1.0,3.0,3.0
2820,5.0,4.0,4.0
2821,5.0,4.0,4.0
2822,5.0,4.0,4.0
2823,5.0,4.0,3.0
2824,5.0,4.0,3.0
2825,1.0,4.0,2.0
2826,3.0,2.0,3.0
2827,3.0,2.0,3.0
2828,3.0,4.0,3.0
2829,3.0,2.0,3.0
2830,3.0,4.0,4.0
2831,3.0,4.0,4.0
2832,3.0,1.0,1.0
2833,3.0,1.0,1.0
2834,3.0,1.0,1.0
2835,3.0,1.0,1.0
2836,1.0,1.0,1.0
2837,1.0,1.0,1.0
2838,1.0,1.0,1.0
2839,1.0,1.0,1.0
2840,1.0,1.0,1.0
2841,2.0,1.0,5.0
2842,4.0,1.0,4.0
2843,1.0,1.0,2.0
2844,1.0,1.0,2.0
2845,1.0,1.0,1.0
2846,1.0,1.0,1.0
2847,1.0,3.0,1.0
2848,1.0,3.0,1.0
2849,1.0,4.0,1.0
2850,1.0,3.0,1.0
2851,1.0,4.0,1.0
2852,1.0,6.0,1.0
2853,3.0,5.0,1.0
2854,3.0,2.0,1.0
2855,3.0,5.0,6.0
2856,3.0,5.0,1.0
2857,3.0,1.0,4.0
2858,3.0,8.0,2.0
2859,2.0,4.0,4.0
2860,5.0,4.0,8.0
2861,2.0,6.0,2.0
2862,4.0,8.0,1.0
2863,5.0,3.0,2.0
2864,2.0,3.0,1.0
2865,2.0,8.0,2.0
2866,1.0,1.0,2.0
2867,2.0,2.0,2.0
2868,3.0,3.0,3.0
2869,1.0,4.0,1.0
2870,1.0,6.0,1.0
2871,1.0,6.0,1.0
2872,1.0,10.0,1.0
2873,1.0,6.0,1.0
2874,1.0,6.0,1.0
2875,1.0,6.0,1.0
2876,1.0,3.0,1.0
2877,1.0,6.0,1.0
2878,1.0,6.0,1.0
2879,1.0,3.0,1.0
2880,1.0,3.0,1.0
2881,1.0,2.0,1.0
2882,1.0,5.0,1.0
2883,1.0,5.0,1.0
2884,1.0,4.0,1.0
2885,1.0,2.0,1.0
2886,1.0,4.0,1.0
2887,1.0,4.0,1.0
2888,1.0,4.0,1.0
2889,1.0,4.0,1.0
2890,1.0,4.0,1.0
2891,1.0,9.0,1.0
2892,3.0,4.0,1.0
2893,1.0,2.0,2.0
2894,1.0,2.0,2.0
2895,1.0,2.0,2.0
2896,1.0,2.0,2.0
2897,1.0,2.0,2.0
2898,1.0,2.0,2.0
2899,1.0,2.0,2.0
2900,1.0,2.0,2.0
2901,1.0,2.0,2.0
2902,1.0,2.0,2.0
2903,1.0,2.0,2.0
2904,1.0,2.0,2.0
2905,1.0,2.0,2.0
2906,1.0,2.0,2.0
2907,1.0,2.0,2.0
2908,1.0,2.0,6.0
2909,8.0,4.0,4.0
2910,1.0,4.0,4.0
2911,1.0,6.0,4.0
2912,1.0,3.0,4.0
2913,1.0,3.0,3.0
2914,1.0,3.0,2.0
2915,1.0,3.0,9.0
2916,1.0,4.0,3.0
2917,1.0,4.0,4.0
2918,2.0,2.0,1.0
2919,1.0,2.0,2.0
2920,1.0,2.0,2.0
2921,1.0,2.0,2.0
2922,7.0,2.0,2.0
2923,2.0,2.0,2.0
2924,2.0,4.0,2.0
2925,2.0,4.0,8.0
2926,2.0,4.0,2.0
2927,2.0,4.0,2.0
2928,2.0,1.0,6.0
2929,2.0,3.0,6.0
2930,1.0,3.0,10.0
2931,1.0,3.0,3.0
2932,1.0,3.0,4.0
2933,1.0,3.0,3.0
2934,1.0,4.0,5.0
2935,1.0,6.0,6.0
2936,1.0,4.0,5.0
2937,1.0,5.0,5.0
2938,1.0,5.0,5.0
2939,1.0,5.0,3.0
2940,2.0,3.0,6.0
2941,9.0,10.0,2.0
2942,1.0,10.0,2.0
2943,1.0,6.0,2.0
2944,1.0,5.0,3.0
2945,2.0,3.0,6.0
2946,4.0,3.0,5.0
2947,1.0,6.0,3.0
2948,1.0,6.0,5.0
2949,1.0,6.0,3.0
2950,1.0,7.0,3.0
2951,1.0,7.0,6.0
2952,1.0,7.0,6.0
2953,1.0,5.0,5.0
2954,1.0,5.0,7.0
2955,1.0,5.0,5.0
2956,1.0,8.0,8.0
2957,1.0,2.0,3.0
2958,1.0,2.0,3.0
2959,5.0,2.0,2.0
2960,1.0,2.0,10.0
2961,6.0,2.0,1.0
2962,6.0,2.0,7.0
2963,2.0,2.0,7.0
2964,9.0,9.0,7.0
2965,9.0,9.0,7.0
2966,9.0,9.0,4.0
2967,1.0,8.0,1.0
2968,1.0,3.0,1.0
2969,1.0,3.0,1.0
2970,1.0,3.0,1.0
2971,1.0,3.0,1.0
2972,1.0,3.0,1.0
2973,1.0,3.0,1.0
2974,1.0,3.0,1.0
2975,1.0,3.0,1.0
2976,1.0,3.0,1.0
2977,1.0,3.0,1.0
2978,1.0,3.0,1.0
2979,1.0,3.0,1.0
2980,1.0,3.0,1.0
2981,1.0,3.0,1.0
2982,1.0,3.0,1.0
2983,1.0,3.0,1.0
2984,1.0,3.0,1.0
2985,1.0,3.0,1.0
2986,1.0,3.0,1.0
2987,1.0,3.0,1.0
2988,1.0,3.0,1.0
2989,7.0,3.0,5.0
2990,1.0,3.0,1.0
2991,1.0,3.0,1.0
2992,1.0,3.0,1.0
2993,1.0,2.0,5.0
2994,1.0,6.0,5.0
2995,1.0,2.0,5.0
2996,4.0,2.0,5.0
2997,1.0,2.0,1.0
2998,1.0,2.0,1.0
2999,1.0,3.0,1.0
3000,2.0,4.0,4.0
3001,1.0,1.0,1.0
3002,4.0,1.0,1.0
3003,4.0,4.0,4.0
3004,2.0,4.0,4.0
3005,2.0,3.0,4.0
3006,1.0,4.0,3.0
3007,1.0,7.0,2.0
3008,10.0,7.0,1.0
3009,3.0,2.0,4.0
3010,3.0,2.0,1.0
3011,3.0,2.0,2.0
3012,3.0,3.0,4.0
3013,3.0,2.0,1.0
3014,4.0,2.0,1.0
3015,7.0,3.0,1.0
3016,4.0,2.0,4.0
3017,6.0,9.0,10.0
3018,1.0,1.0,1.0
3019,1.0,1.0,1.0
3020,6.0,2.0,5.0
3021,6.0,2.0,6.0
3022,3.0,1.0,1.0
3023,4.0,1.0,1.0
3024,2.0,7.0,3.0
3025,2.0,1.0,3.0
3026,5.0,1.0,4.0
3027,5.0,1.0,4.0
3028,5.0,3.0,3.0
3029,5.0,3.0,3.0
3030,5.0,10.0,9.0
3031,5.0,10.0,4.0
3032,5.0,10.0,3.0
3033,4.0,10.0,7.0
3034,4.0,10.0,8.0
3035,5.0,10.0,6.0
3036,1.0,4.0,6.0
3037,1.0,4.0,5.0
3038,1.0,4.0,7.0
3039,1.0,2.0,2.0
3040,1.0,1.0,1.0
3041,1.0,1.0,1.0
3042,1.0,1.0,1.0
3043,1.0,1.0,1.0
3044,1.0,1.0,1.0
3045,2.0,2.0,5.0
3046,2.0,2.0,5.0
3047,1.0,1.0,4.0
3048,3.0,7.0,4.0
3049,3.0,6.0,1.0
3050,3.0,9.0,1.0
3051,3.0,9.0,5.0
3052,3.0,10.0,1.0
3053,3.0,1.0,1.0
3054,3.0,6.0,1.0
3055,3.0,1.0,6.0
3056,3.0,7.0,1.0
3057,3.0,6.0,1.0
3058,3.0,1.0,1.0
3059,3.0,2.0,1.0
3060,3.0,1.0,1.0
3061,3.0,7.0,1.0
3062,3.0,5.0,1.0
3063,3.0,1.0,1.0
3064,3.0,1.0,1.0
3065,3.0,1.0,1.0
3066,3.0,5.0,1.0
3067,3.0,1.0,1.0
3068,3.0,1.0,1.0
3069,3.0,5.0,1.0
3070,3.0,4.0,1.0
3071,3.0,2.0,1.0
3072,3.0,5.0,1.0
3073,4.0,1.0,1.0
3074,2.0,4.0,1.0
3075,2.0,2.0,4.0
3076,2.0,3.0,4.0
3077,2.0,3.0,3.0
3078,2.0,3.0,3.0
3079,2.0,3.0,3.0
3080,8.0,3.0,3.0
3081,9.0,3.0,3.0
3082,9.0,3.0,3.0
3083,9.0,3.0,3.0
3084,9.0,3.0,3.0
3085,2.0,1.0,1.0
3086,4.0,1.0,1.0
3087,1.0,1.0,2.0
3088,10.0,1.0,2.0
3089,10.0,1.0,2.0
3090,2.0,6.0,2.0
3091,2.0,1.0,3.0
3092,4.0,1.0,6.0
3093,1.0,4.0,1.0
3094,1.0,1.0,1.0
3095,3.0,2.0,3.0
3096,3.0,2.0,3.0
3097,4.0,2.0,9.0
3098,3.0,6.0,3.0
3099,3.0,10.0,3.0
3100,3.0,10.0,3.0
3101,3.0,7.0,1.0
3102,3.0,1.0,1.0
3103,3.0,1.0,1.0
3104,3.0,1.0,1.0
3105,1.0,1.0,1.0
3106,1.0,1.0,1.0
3107,1.0,1.0,1.0
3108,1.0,1.0,1.0
3109,1.0,1.0,1.0
3110,1.0,1.0,1.0
3111,2.0,1.0,1.0
3112,2.0,1.0,1.0
3113,2.0,1.0,1.0
3114,2.0,1.0,1.0
3115,1.0,1.0,1.0
3116,7.0,1.0,1.0
3117,7.0,1.0,1.0
3118,2.0,9.0,1.0
3119,2.0,9.0,1.0
3120,3.0,5.0,1.0
3121,3.0,10.0,1.0
3122,3.0,7.0,1.0
3123,2.0,4.0,2.0
3124,4.0,3.0,6.0
3125,2.0,10.0,2.0
3126,1.0,10.0,2.0
3127,2.0,10.0,1.0
3128,3.0,4.0,1.0
3129,3.0,4.0,1.0
3130,3.0,4.0,1.0
3131,3.0,4.0,1.0
3132,3.0,4.0,9.0
3133,1.0,1.0,1.0
3134,1.0,1.0,1.0
3135,1.0,1.0,1.0
3136,2.0,2.0,2.0
3137,4.0,5.0,2.0
3138,7.0,7.0,2.0
3139,1.0,3.0,5.0
3140,2.0,3.0,5.0
3141,6.0,1.0,2.0
3142,6.0,4.0,8.0
3143,6.0,1.0,8.0
3144,6.0,1.0,6.0
3145,6.0,1.0,3.0
3146,2.0,1.0,4.0
3147,2.0,4.0,3.0
3148,2.0,4.0,3.0
3149,2.0,4.0,1.0
3150,2.0,4.0,1.0
3151,2.0,4.0,1.0
3152,2.0,10.0,7.0
3153,2.0,10.0,3.0
3154,2.0,5.0,1.0
3155,2.0,1.0,1.0
3156,2.0,1.0,1.0
3157,2.0,3.0,3.0
3158,2.0,3.0,3.0
3159,2.0,3.0,3.0
3160,2.0,3.0,3.0
3161,2.0,3.0,3.0
3162,2.0,4.0,4.0
3163,2.0,8.0,4.0
3164,1.0,6.0,1.0
3165,2.0,2.0,10.0
3166,3.0,3.0,3.0
3167,1.0,2.0,1.0
3168,3.0,2.0,1.0
3169,1.0,2.0,1.0
3170,1.0,2.0,1.0
3171,1.0,2.0,1.0
3172,1.0,2.0,1.0
3173,1.0,2.0,1.0
3174,1.0,2.0,1.0
3175,1.0,2.0,1.0
3176,1.0,2.0,7.0
3177,1.0,2.0,5.0
3178,1.0,3.0,4.0
3179,1.0,2.0,4.0
3180,1.0,2.0,1.0
3181,1.0,2.0,1.0
3182,1.0,2.0,1.0
3183,1.0,2.0,1.0
3184,1.0,2.0,1.0
3185,1.0,2.0,1.0
3186,1.0,2.0,1.0
3187,1.0,2.0,1.0
3188,4.0,2.0,4.0
3189,4.0,2.0,4.0
3190,4.0,2.0,4.0
3191,4.0,2.0,4.0
3192,4.0,2.0,4.0
3193,5.0,2.0,5.0
3194,1.0,2.0,5.0
3195,1.0,2.0,5.0
3196,1.0,2.0,1.0
3197,1.0,4.0,1.0
3198,1.0,5.0,1.0
3199,1.0,5.0,1.0
3200,1.0,5.0,1.0
3201,1.0,5.0,1.0
3202,1.0,5.0,1.0
3203,4.0,3.0,1.0
3204,2.0,3.0,4.0
3205,1.0,3.0,1.0
3206,1.0,3.0,2.0
3207,1.0,3.0,2.0
3208,1.0,3.0,2.0
3209,1.0,3.0,1.0
3210,1.0,3.0,1.0
3211,1.0,7.0,1.0
3212,1.0,7.0,1.0
3213,1.0,7.0,1.0
3214,1.0,7.0,1.0
3215,1.0,7.0,1.0
3216,1.0,7.0,1.0
3217,1.0,7.0,1.0
3218,3.0,7.0,1.0
3219,1.0,7.0,1.0
3220,1.0,7.0,1.0
3221,4.0,1.0,3.0
3222,1.0,1.0,6.0
3223,2.0,1.0,6.0
3224,2.0,1.0,2.0
3225,2.0,1.0,2.0
3226,2.0,1.0,2.0
3227,2.0,1.0,2.0
3228,2.0,5.0,2.0
3229,6.0,5.0,4.0
3230,10.0,5.0,4.0
3231,2.0,3.0,6.0
3232,2.0,1.0,5.0
3233,3.0,1.0,1.0
3234,2.0,1.0,1.0
3235,3.0,2.0,1.0
3236,3.0,3.0,4.0
3237,4.0,1.0,4.0
3238,4.0,1.0,1.0
3239,1.0,2.0,1.0
3240,1.0,2.0,3.0
3241,1.0,2.0,1.0
3242,1.0,2.0,1.0
3243,1.0,2.0,1.0
3244,2.0,2.0,1.0
3245,2.0,2.0,1.0
3246,2.0,1.0,1.0
3247,1.0,1.0,1.0
3248,1.0,1.0,2.0
3249,1.0,1.0,2.0
3250,1.0,1.0,2.0
3251,3.0,1.0,2.0
3252,7.0,1.0,3.0
3253,8.0,3.0,4.0
3254,10.0,3.0,4.0
3255,4.0,2.0,9.0
3256,4.0,1.0,1.0
3257,10.0,1.0,3.0
3258,10.0,1.0,1.0
3259,10.0,1.0,2.0
3260,7.0,1.0,2.0
3261,7.0,1.0,2.0
3262,7.0,5.0,2.0
3263,7.0,10.0,2.0
3264,7.0,10.0,7.0
3265,6.0,10.0,6.0
3266,6.0,10.0,6.0
3267,6.0,10.0,6.0
3268,9.0,10.0,6.0
3269,6.0,10.0,6.0
3270,6.0,10.0,6.0
3271,6.0,10.0,6.0
3272,7.0,4.0,1.0
3273,2.0,4.0,5.0
3274,6.0,4.0,1.0
3275,1.0,2.0,1.0
3276,1.0,2.0,1.0
3277,1.0,2.0,1.0
3278,1.0,2.0,1.0
3279,1.0,2.0,1.0
3280,1.0,2.0,1.0
3281,1.0,2.0,1.0
3282,1.0,2.0,1.0
3283,1.0,2.0,1.0
3284,1.0,2.0,1.0
3285,1.0,2.0,1.0
3286,1.0,2.0,1.0
3287,1.0,2.0,1.0
3288,1.0,2.0,1.0
3289,1.0,2.0,1.0
3290,1.0,2.0,1.0
3291,1.0,2.0,1.0
3292,4.0,3.0,2.0
3293,1.0,4.0,1.0
3294,1.0,5.0,1.0
3295,1.0,1.0,1.0
3296,1.0,1.0,1.0
3297,4.0,3.0,5.0
3298,2.0,3.0,5.0
3299,1.0,3.0,7.0
3300,3.0,7.0,8.0
3301,3.0,7.0,4.0
3302,1.0,6.0,3.0
3303,3.0,10.0,1.0
3304,4.0,5.0,3.0
3305,4.0,5.0,3.0
3306,4.0,9.0,4.0
3307,4.0,1.0,4.0
3308,3.0,6.0,1.0
3309,1.0,3.0,2.0
3310,1.0,4.0,3.0
3311,1.0,4.0,3.0
3312,1.0,1.0,10.0
3313,3.0,6.0,7.0
3314,9.0,2.0,5.0
3315,1.0,4.0,5.0
3316,1.0,4.0,5.0
3317,1.0,1.0,1.0
3318,1.0,1.0,1.0
3319,4.0,1.0,3.0
3320,4.0,1.0,3.0
3321,7.0,2.0,3.0
3322,4.0,1.0,8.0
3323,4.0,1.0,3.0
3324,5.0,2.0,3.0
3325,5.0,5.0,1.0
3326,1.0,2.0,1.0
3327,1.0,2.0,7.0
3328,3.0,4.0,3.0
3329,3.0,4.0,10.0
3330,3.0,4.0,1.0
3331,3.0,4.0,1.0
3332,3.0,1.0,2.0
3333,3.0,4.0,2.0
3334,1.0,10.0,5.0
3335,1.0,4.0,2.0
3336,1.0,6.0,1.0
3337,1.0,4.0,2.0
3338,1.0,5.0,2.0
3339,1.0,2.0,3.0
3340,1.0,2.0,3.0
3341,1.0,2.0,10.0
3342,1.0,2.0,2.0
3343,1.0,2.0,5.0
3344,1.0,2.0,5.0
3345,3.0,2.0,5.0
3346,1.0,2.0,1.0
3347,1.0,2.0,3.0
3348,3.0,2.0,3.0
3349,3.0,2.0,1.0
3350,1.0,2.0,1.0
3351,1.0,2.0,1.0
3352,1.0,2.0,1.0
3353,1.0,2.0,1.0
3354,1.0,2.0,1.0
3355,1.0,2.0,1.0
3356,1.0,2.0,4.0
3357,1.0,2.0,1.0
3358,1.0,3.0,1.0
3359,1.0,2.0,1.0
3360,1.0,2.0,1.0
3361,1.0,4.0,1.0
3362,1.0,2.0,1.0
3363,1.0,6.0,1.0
3364,2.0,1.0,1.0
3365,1.0,6.0,1.0
3366,2.0,1.0,2.0
3367,1.0,2.0,2.0
3368,2.0,1.0,2.0
3369,1.0,1.0,1.0
3370,1.0,3.0,1.0
3371,1.0,3.0,5.0
3372,1.0,3.0,1.0
3373,1.0,3.0,2.0
3374,1.0,3.0,2.0
3375,1.0,3.0,8.0
3376,2.0,8.0,1.0
3377,2.0,7.0,5.0
3378,2.0,8.0,6.0
3379,2.0,8.0,1.0
3380,2.0,8.0,2.0
3381,2.0,8.0,7.0
3382,2.0,3.0,4.0
3383,2.0,8.0,4.0
3384,1.0,4.0,4.0
3385,3.0,4.0,7.0
3386,3.0,4.0,4.0
3387,3.0,1.0,4.0
3388,3.0,1.0,7.0
3389,3.0,1.0,7.0
3390,3.0,1.0,9.0
3391,5.0,1.0,3.0
3392,3.0,1.0,5.0
3393,4.0,1.0,2.0
3394,4.0,1.0,4.0
3395,4.0,1.0,4.0
3396,4.0,5.0,6.0
3397,4.0,10.0,6.0
3398,4.0,1.0,6.0
3399,3.0,5.0,6.0
3400,3.0,3.0,9.0
3401,3.0,9.0,4.0
3402,2.0,2.0,2.0
3403,2.0,1.0,5.0
3404,2.0,1.0,5.0
3405,2.0,1.0,5.0
3406,2.0,1.0,2.0
3407,2.0,1.0,4.0
3408,2.0,1.0,4.0
3409,2.0,1.0,2.0
3410,2.0,1.0,2.0
3411,2.0,1.0,3.0
3412,2.0,1.0,3.0
3413,2.0,1.0,3.0
3414,2.0,1.0,6.0
3415,2.0,1.0,2.0
3416,4.0,1.0,4.0
3417,4.0,1.0,4.0
3418,4.0,1.0,4.0
3419,6.0,1.0,4.0
3420,2.0,1.0,2.0
3421,2.0,1.0,2.0
3422,2.0,1.0,2.0
3423,2.0,1.0,2.0
3424,2.0,1.0,2.0
3425,4.0,1.0,4.0
3426,4.0,1.0,2.0
3427,4.0,1.0,4.0
3428,4.0,1.0,4.0
3429,4.0,1.0,4.0
3430,4.0,1.0,4.0
3431,3.0,1.0,3.0
3432,3.0,1.0,3.0
3433,3.0,1.0,1.0
3434,5.0,9.0,5.0
3435,5.0,6.0,1.0
3436,4.0,9.0,3.0
3437,4.0,9.0,3.0
3438,4.0,2.0,4.0
3439,4.0,2.0,4.0
3440,4.0,1.0,4.0
3441,4.0,1.0,4.0
3442,4.0,1.0,4.0
3443,4.0,1.0,4.0
3444,4.0,3.0,4.0
3445,2.0,3.0,2.0
3446,2.0,3.0,2.0
3447,1.0,1.0,5.0
3448,1.0,3.0,1.0
3449,3.0,1.0,4.0
3450,3.0,1.0,2.0
3451,3.0,1.0,2.0
3452,3.0,1.0,2.0
3453,7.0,2.0,1.0
3454,7.0,7.0,10.0
3455,1.0,2.0,10.0
3456,6.0,1.0,3.0
3457,10.0,8.0,6.0
3458,10.0,6.0,7.0
3459,3.0,6.0,4.0
3460,1.0,7.0,7.0
3461,5.0,4.0,6.0
3462,1.0,3.0,3.0
3463,1.0,6.0,6.0
3464,1.0,6.0,3.0
3465,1.0,6.0,2.0
3466,8.0,6.0,2.0
3467,1.0,6.0,1.0
3468,5.0,6.0,1.0
3469,5.0,6.0,1.0
3470,5.0,6.0,1.0
3471,2.0,4.0,1.0
3472,5.0,6.0,4.0
3473,3.0,1.0,1.0
3474,3.0,1.0,3.0
3475,4.0,1.0,1.0
3476,4.0,1.0,1.0
3477,4.0,1.0,1.0
3478,4.0,1.0,1.0
3479,4.0,3.0,1.0
3480,2.0,3.0,3.0
3481,2.0,4.0,1.0
3482,2.0,4.0,1.0
3483,2.0,3.0,3.0
3484,2.0,5.0,1.0
3485,2.0,3.0,2.0
3486,2.0,3.0,1.0
3487,2.0,8.0,1.0
3488,2.0,3.0,3.0
3489,2.0,3.0,1.0
3490,1.0,3.0,1.0
3491,1.0,3.0,1.0
3492,1.0,4.0,1.0
3493,5.0,7.0,1.0
3494,10.0,3.0,1.0
3495,7.0,8.0,1.0
3496,7.0,8.0,1.0
3497,1.0,4.0,7.0
3498,1.0,2.0,7.0
3499,1.0,2.0,7.0
3500,1.0,2.0,2.0
3501,1.0,2.0,7.0
3502,1.0,6.0,7.0
3503,1.0,4.0,7.0
3504,1.0,2.0,2.0
3505,1.0,8.0,5.0
3506,1.0,6.0,4.0
3507,1.0,3.0,2.0
3508,2.0,3.0,2.0
3509,2.0,3.0,2.0
3510,2.0,3.0,2.0
3511,2.0,3.0,2.0
3512,2.0,3.0,2.0
3513,2.0,3.0,2.0
3514,2.0,3.0,3.0
3515,2.0,4.0,4.0
3516,2.0,4.0,3.0
3517,2.0,4.0,3.0
3518,2.0,4.0,3.0
3519,1.0,3.0,3.0
3520,1.0,3.0,10.0
3521,1.0,2.0,3.0
3522,1.0,2.0,2.0
3523,6.0,9.0,3.0
3524,2.0,3.0,5.0
3525,2.0,3.0,5.0
3526,2.0,3.0,5.0
3527,2.0,3.0,4.0
3528,2.0,3.0,4.0
3529,2.0,2.0,2.0
3530,3.0,4.0,1.0
3531,3.0,4.0,3.0
3532,3.0,1.0,2.0
3533,3.0,1.0,1.0
3534,3.0,1.0,1.0
3535,3.0,2.0,2.0
3536,3.0,2.0,2.0
3537,3.0,2.0,2.0
3538,3.0,2.0,2.0
3539,3.0,4.0,4.0
3540,3.0,4.0,5.0
3541,1.0,4.0,2.0
3542,1.0,4.0,1.0
3543,3.0,1.0,5.0
3544,3.0,1.0,1.0
3545,3.0,1.0,1.0
3546,3.0,1.0,1.0
3547,3.0,1.0,4.0
3548,3.0,1.0,4.0
3549,3.0,1.0,1.0
3550,3.0,2.0,1.0
3551,3.0,1.0,1.0
3552,3.0,1.0,1.0
3553,3.0,1.0,1.0
3554,3.0,1.0,1.0
3555,3.0,1.0,1.0
3556,3.0,1.0,4.0
3557,3.0,1.0,2.0
3558,3.0,5.0,2.0
3559,8.0,1.0,2.0
3560,8.0,4.0,2.0
3561,8.0,5.0,2.0
3562,10.0,2.0,10.0
3563,1.0,2.0,1.0
3564,1.0,2.0,1.0
3565,1.0,2.0,1.0
3566,1.0,2.0,1.0
3567,1.0,2.0,1.0
3568,1.0,2.0,1.0
3569,1.0,2.0,1.0
3570,1.0,2.0,1.0
3571,1.0,2.0,1.0
3572,1.0,2.0,3.0
3573,1.0,3.0,1.0
3574,1.0,3.0,1.0
3575,1.0,3.0,1.0
3576,1.0,3.0,1.0
3577,1.0,3.0,1.0
3578,1.0,4.0,1.0
3579,1.0,4.0,1.0
3580,1.0,4.0,1.0
3581,1.0,4.0,1.0
3582,1.0,4.0,1.0
3583,1.0,3.0,1.0
3584,1.0,3.0,1.0
3585,1.0,3.0,1.0
3586,1.0,3.0,1.0
3587,6.0,3.0,6.0
3588,1.0,2.0,1.0
3589,10.0,2.0,1.0
3590,1.0,2.0,1.0
3591,1.0,2.0,10.0
3592,5.0,6.0,1.0
3593,1.0,6.0,1.0
3594,5.0,6.0,5.0
3595,5.0,6.0,9.0
3596,1.0,6.0,1.0
3597,1.0,3.0,1.0
3598,2.0,3.0,7.0
3599,2.0,3.0,3.0
3600,2.0,3.0,1.0
3601,4.0,1.0,1.0
3602,2.0,1.0,1.0
3603,2.0,3.0,1.0
3604,2.0,4.0,3.0
3605,2.0,4.0,3.0
3606,5.0,2.0,3.0
3607,1.0,2.0,5.0
3608,7.0,2.0,1.0
3609,1.0,2.0,5.0
3610,4.0,2.0,3.0
3611,10.0,3.0,5.0
3612,10.0,3.0,10.0
3613,2.0,5.0,2.0
3614,2.0,1.0,2.0
3615,2.0,1.0,2.0
3616,2.0,4.0,2.0
3617,2.0,3.0,2.0
3618,2.0,1.0,2.0
3619,2.0,1.0,2.0
3620,2.0,1.0,2.0
3621,2.0,1.0,2.0
3622,2.0,1.0,2.0
3623,2.0,3.0,2.0
3624,2.0,1.0,2.0
3625,2.0,1.0,2.0
3626,2.0,1.0,2.0
3627,3.0,1.0,2.0
3628,3.0,1.0,2.0
3629,3.0,1.0,1.0
3630,3.0,1.0,1.0
3631,3.0,2.0,1.0
3632,3.0,2.0,1.0
3633,2.0,2.0,5.0
3634,1.0,2.0,5.0
3635,1.0,7.0,1.0
3636,1.0,3.0,1.0
3637,1.0,3.0,1.0
3638,1.0,4.0,1.0
3639,1.0,5.0,10.0
3640,2.0,5.0,1.0
3641,1.0,4.0,5.0
3642,10.0,2.0,1.0
3643,10.0,2.0,3.0
3644,10.0,2.0,5.0
3645,1.0,2.0,5.0
3646,1.0,2.0,5.0
3647,1.0,2.0,5.0
3648,1.0,2.0,5.0
3649,8.0,2.0,5.0
3650,5.0,1.0,1.0
3651,3.0,2.0,1.0
3652,3.0,2.0,1.0
3653,8.0,2.0,1.0
3654,5.0,6.0,1.0
3655,1.0,2.0,1.0
3656,1.0,1.0,1.0
3657,10.0,1.0,7.0
3658,10.0,2.0,5.0
3659,3.0,10.0,7.0
3660,3.0,10.0,8.0
3661,3.0,1.0,3.0
3662,3.0,1.0,3.0
3663,3.0,1.0,3.0
3664,3.0,1.0,3.0
3665,3.0,4.0,3.0
3666,3.0,4.0,3.0
3667,3.0,4.0,3.0
3668,1.0,4.0,3.0
3669,1.0,4.0,3.0
3670,3.0,4.0,1.0
3671,3.0,2.0,4.0
3672,3.0,2.0,1.0
3673,3.0,2.0,1.0
3674,3.0,2.0,7.0
3675,3.0,2.0,7.0
3676,3.0,2.0,5.0
3677,3.0,2.0,7.0
3678,4.0,2.0,4.0
3679,3.0,8.0,4.0
3680,4.0,1.0,1.0
3681,3.0,8.0,5.0
3682,9.0,8.0,8.0
3683,4.0,8.0,8.0
3684,4.0,8.0,8.0
3685,1.0,8.0,9.0
3686,1.0,6.0,10.0
3687,1.0,5.0,2.0
3688,1.0,10.0,3.0
3689,1.0,6.0,6.0
3690,1.0,10.0,2.0
3691,2.0,4.0,2.0
3692,2.0,4.0,2.0
3693,2.0,4.0,2.0
3694,6.0,4.0,3.0
3695,6.0,4.0,5.0
3696,6.0,4.0,5.0
3697,5.0,4.0,5.0
3698,2.0,4.0,2.0
3699,2.0,4.0,2.0
3700,2.0,4.0,2.0
3701,2.0,4.0,3.0
3702,2.0,2.0,2.0
3703,1.0,2.0,7.0
3704,6.0,3.0,2.0
3705,4.0,2.0,2.0
3706,4.0,2.0,2.0
3707,4.0,2.0,2.0
3708,1.0,2.0,2.0
3709,1.0,2.0,2.0
3710,1.0,2.0,3.0
3711,1.0,2.0,4.0
3712,7.0,2.0,3.0
3713,3.0,2.0,3.0
3714,5.0,2.0,5.0
3715,10.0,2.0,6.0
3716,2.0,2.0,6.0
3717,5.0,2.0,1.0
3718,1.0,1.0,1.0
3719,1.0,1.0,1.0
3720,1.0,1.0,1.0
3721,1.0,1.0,1.0
3722,1.0,1.0,3.0
3723,1.0,1.0,3.0
3724,1.0,1.0,1.0
3725,1.0,1.0,1.0
3726,1.0,3.0,4.0
3727,1.0,3.0,1.0
3728,6.0,3.0,6.0
3729,4.0,2.0,5.0
3730,1.0,2.0,6.0
3731,1.0,2.0,6.0
3732,1.0,2.0,7.0
3733,1.0,2.0,6.0
3734,5.0,1.0,2.0
3735,5.0,4.0,6.0
3736,5.0,4.0,5.0
3737,5.0,4.0,5.0
3738,4.0,3.0,3.0
3739,2.0,3.0,3.0
3740,8.0,3.0,3.0
3741,4.0,3.0,3.0
3742,9.0,3.0,3.0
3743,9.0,3.0,3.0
3744,10.0,3.0,3.0
3745,9.0,3.0,6.0
3746,9.0,6.0,3.0
3747,10.0,3.0,1.0
3748,1.0,3.0,3.0
3749,1.0,3.0,2.0
3750,2.0,1.0,1.0
3751,2.0,4.0,3.0
3752,1.0,2.0,3.0
3753,1.0,1.0,3.0
3754,2.0,2.0,2.0
3755,2.0,5.0,2.0
3756,4.0,3.0,2.0
3757,4.0,3.0,7.0
3758,7.0,3.0,1.0
3759,2.0,3.0,1.0
3760,2.0,3.0,1.0
3761,2.0,3.0,2.0
3762,2.0,3.0,2.0
3763,2.0,3.0,2.0
3764,4.0,3.0,4.0
3765,5.0,2.0,4.0
3766,1.0,2.0,5.0
3767,1.0,2.0,1.0
3768,1.0,2.0,1.0
3769,1.0,2.0,1.0
3770,1.0,2.0,1.0
3771,1.0,2.0,1.0
3772,1.0,2.0,1.0
3773,1.0,2.0,1.0
3774,1.0,2.0,1.0
3775,1.0,1.0,1.0
3776,1.0,1.0,1.0
3777,1.0,1.0,6.0
3778,2.0,1.0,6.0
3779,3.0,1.0,4.0
3780,3.0,1.0,1.0
3781,7.0,1.0,1.0
3782,2.0,1.0,1.0
3783,2.0,1.0,1.0
3784,2.0,1.0,3.0
3785,2.0,3.0,3.0
3786,2.0,1.0,1.0
3787,2.0,1.0,1.0
3788,2.0,1.0,4.0
3789,2.0,5.0,2.0
3790,2.0,4.0,6.0
3791,2.0,4.0,6.0
3792,7.0,5.0,6.0
3793,8.0,4.0,7.0
3794,7.0,1.0,3.0
3795,2.0,6.0,2.0
3796,4.0,4.0,3.0
3797,4.0,4.0,2.0
3798,1.0,4.0,4.0
3799,8.0,2.0,7.0
3800,2.0,3.0,3.0
3801,2.0,2.0,2.0
3802,3.0,2.0,2.0
3803,3.0,2.0,2.0
3804,3.0,2.0,2.0
3805,3.0,2.0,2.0
3806,3.0,2.0,2.0
3807,3.0,9.0,4.0
3808,3.0,9.0,8.0
3809,10.0,1.0,1.0
3810,10.0,1.0,1.0
3811,10.0,1.0,1.0
3812,10.0,1.0,1.0
3813,4.0,5.0,1.0
3814,5.0,1.0,3.0
3815,3.0,1.0,3.0
3816,1.0,1.0,2.0
3817,1.0,1.0,4.0
3818,1.0,2.0,1.0
3819,1.0,2.0,1.0
3820,2.0,2.0,1.0
3821,6.0,2.0,1.0
3822,6.0,4.0,9.0
3823,2.0,3.0,5.0
3824,2.0,2.0,2.0
3825,2.0,2.0,5.0
3826,2.0,2.0,2.0
3827,2.0,1.0,2.0
3828,2.0,1.0,2.0
3829,1.0,2.0,1.0
3830,1.0,2.0,2.0
3831,2.0,1.0,2.0
3832,1.0,1.0,2.0
3833,2.0,1.0,1.0
3834,1.0,3.0,1.0
3835,1.0,2.0,1.0
3836,1.0,3.0,1.0
3837,1.0,3.0,1.0
3838,1.0,3.0,1.0
3839,1.0,3.0,1.0
3840,1.0,3.0,1.0
3841,1.0,3.0,1.0
3842,2.0,3.0,5.0
3843,1.0,2.0,2.0
3844,1.0,3.0,2.0
3845,1.0,3.0,2.0
3846,6.0,8.0,8.0
3847,6.0,8.0,10.0
3848,6.0,8.0,8.0
3849,10.0,2.0,3.0
3850,10.0,6.0,6.0
3851,10.0,6.0,1.0
3852,2.0,6.0,2.0
3853,2.0,6.0,5.0
3854,2.0,4.0,4.0
3855,2.0,4.0,4.0
3856,2.0,4.0,4.0
3857,2.0,4.0,4.0
3858,2.0,5.0,4.0
3859,2.0,4.0,4.0
3860,1.0,4.0,4.0
3861,1.0,4.0,4.0
3862,1.0,4.0,2.0
3863,1.0,2.0,2.0
3864,1.0,6.0,1.0
3865,1.0,6.0,4.0
3866,1.0,5.0,10.0
3867,2.0,3.0,10.0
3868,1.0,1.0,1.0
3869,1.0,1.0,10.0
3870,2.0,1.0,1.0
3871,3.0,1.0,4.0
3872,2.0,1.0,1.0
3873,5.0,1.0,1.0
3874,3.0,2.0,3.0
3875,3.0,2.0,3.0
3876,3.0,2.0,3.0
3877,3.0,2.0,3.0
3878,4.0,2.0,4.0
3879,4.0,2.0,3.0
3880,4.0,2.0,3.0
3881,1.0,2.0,1.0
3882,1.0,2.0,3.0
3883,1.0,2.0,2.0
3884,1.0,2.0,2.0
3885,1.0,2.0,2.0
3886,1.0,2.0,2.0
3887,1.0,2.0,2.0
3888,1.0,2.0,2.0
3889,1.0,2.0,2.0
3890,1.0,2.0,2.0
3891,3.0,2.0,2.0
3892,3.0,1.0,1.0
3893,1.0,1.0,1.0
3894,1.0,1.0,1.0
3895,1.0,1.0,1.0
3896,3.0,3.0,1.0
3897,2.0,2.0,2.0
3898,2.0,7.0,2.0
3899,2.0,6.0,2.0
3900,2.0,6.0,3.0
3901,2.0,1.0,2.0
3902,2.0,1.0,2.0
3903,2.0,1.0,2.0
3904,2.0,6.0,2.0
3905,2.0,1.0,2.0
3906,2.0,1.0,2.0
3907,2.0,1.0,2.0
3908,2.0,1.0,2.0
3909,2.0,1.0,2.0
3910,2.0,1.0,2.0
3911,2.0,1.0,2.0
3912,2.0,1.0,2.0
3913,2.0,1.0,6.0
3914,2.0,4.0,3.0
3915,2.0,4.0,4.0
3916,2.0,4.0,4.0
3917,6.0,7.0,1.0
3918,4.0,2.0,2.0
3919,4.0,2.0,2.0
3920,4.0,2.0,2.0
3921,4.0,2.0,2.0
3922,4.0,8.0,3.0
3923,4.0,1.0,3.0
3924,3.0,1.0,3.0
3925,3.0,1.0,2.0
3926,3.0,1.0,3.0
3927,3.0,1.0,3.0
3928,3.0,1.0,3.0
3929,5.0,7.0,3.0
3930,5.0,3.0,3.0
3931,7.0,3.0,3.0
3932,4.0,9.0,8.0
3933,1.0,2.0,3.0
3934,8.0,10.0,3.0
3935,8.0,3.0,3.0
3936,8.0,3.0,1.0
3937,8.0,4.0,1.0
3938,1.0,3.0,2.0
3939,1.0,1.0,1.0
3940,7.0,1.0,2.0
3941,6.0,1.0,4.0
3942,6.0,1.0,2.0
3943,1.0,1.0,8.0
3944,1.0,1.0,1.0
3945,1.0,1.0,1.0
3946,1.0,3.0,1.0
3947,4.0,8.0,1.0
3948,1.0,4.0,1.0
3949,1.0,4.0,6.0
3950,1.0,4.0,1.0
3951,1.0,1.0,2.0
3952,1.0,3.0,2.0
3953,4.0,7.0,1.0
3954,4.0,1.0,3.0
3955,4.0,1.0,3.0
3956,4.0,7.0,3.0
3957,1.0,5.0,5.0
3958,2.0,5.0,5.0
3959,1.0,5.0,5.0
3960,3.0,5.0,5.0
3961,3.0,5.0,6.0
3962,3.0,5.0,1.0
3963,10.0,3.0,2.0
3964,1.0,3.0,3.0
3965,1.0,2.0,2.0
3966,1.0,2.0,6.0
3967,2.0,1.0,2.0
3968,2.0,1.0,2.0
3969,2.0,1.0,2.0
3970,3.0,1.0,1.0
3971,5.0,2.0,1.0
3972,5.0,2.0,1.0
3973,5.0,2.0,1.0
3974,5.0,2.0,1.0
3975,3.0,2.0,1.0
3976,5.0,2.0,1.0
3977,1.0,1.0,1.0
3978,1.0,2.0,2.0
3979,2.0,4.0,9.0
3980,1.0,4.0,3.0
3981,4.0,6.0,7.0
3982,3.0,7.0,6.0
3983,5.0,1.0,3.0
3984,1.0,8.0,3.0
3985,1.0,8.0,3.0
3986,1.0,8.0,3.0
3987,1.0,1.0,3.0
3988,1.0,1.0,1.0
3989,1.0,1.0,1.0
3990,3.0,1.0,1.0
3991,3.0,1.0,1.0
3992,2.0,1.0,1.0
3993,2.0,1.0,1.0
3994,3.0,1.0,1.0
3995,2.0,1.0,1.0
3996,2.0,1.0,1.0
3997,2.0,1.0,1.0
3998,2.0,1.0,1.0
3999,2.0,1.0,1.0
